Code_ID_commune,Code_postal,Nom_commune,Code_dpt
503,25580,ETALANS,25
1500,51530,MAGENTA,51
877,33121,CARCANS,33
3164,97200,FORT DE FRANCE,972
2885,91150,ETAMPES,91
2728,85300,CHALLANS,85
618,20090,AJACCIO,2A
772,31450,BAZIEGE,31
740,31180,ROUFFIAC TOLOSAN,31
1903,66210,FORMIGUERES,66
812,33260,LA TESTE-DE-BUCH,33
2752,88190,GOLBEY,88
767,31120,LACROIX FALGARDE,31
1519,54250,CHAMPIGNEULLES,54
775,32100,CONDOM,32
879,33990,HOURTIN,33
1161,40660,MOLIETS-ET-MAA,40
3099,95690,LABBEVILLE,95
477,24200,SARLAT-LA-CANEDA,24
2026,69620,VAL D'OINGT,69
2448,78630,ORGEVAL,78
1302,44150,ANCENIS-SAINT-GEREON,44
1185,40550,LEON,40
1174,40130,CAPBRETON,40
1125,38160,SAINT-MARCELLIN,38
3106,95700,ROISSY-EN-FRANCE,95
84,4120,CASTELLANE,4
449,22240,FREHEL,22
367,14600,HONFLEUR,14
804,33127,MARTIGNAS SUR JALLE,33
484,25620,MAMIROLLE,25
2570,82410,ST-ETIENNE-DE-TULMONT,82
3181,97310,KOUROU,973
2566,82000,MONTAUBAN,82
2876,91310,LONGPONT-SUR-ORGE,91
1673,59890,DEULEMONT,59
1794,62220,CARVIN,62
518,26740,MONTBOUCHER-SUR-JABRON,26
326,13400,AUBAGNE,13
2627,83160,LA VALETTE DU VAR,83
1892,66200,CORNEILLA DEL VERCOL,66
311,11110,COURSAN,11
1896,66210,BOLQUERE,66
615,20137,PORTO-VECCHIO,2A
1799,62110,HENIN-BEAUMONT,62
448,22380,SAINT-CAST-LE-GUILDO,22
2211,76130,MONT-SAINT-AIGNAN,76
890,34130,MAUGUIO,34
629,20167,SARROLA-CARCOPINO,2A
622,20128,GROSSETO-PRUGNA,2A
1885,66140,CANET EN ROUSSILLON,66
98,4400,UVERNET-FOURS,4
2622,83130,LA GARDE,83
1097,38750,HUEZ,38
2130,74210,DOUSSARD,74
65,2600,VILLERS-COTTERETS,2
3044,94470,BOISSY-SAINT-LEGER,94
2505,78760,JOUARS-PONTCHARTRAIN,78
1138,39600,ARBOIS,39
867,33750,SAINT-QUENTIN-DE-BARON,33
142,6000,NICE,6
838,33550,HAUX,33
91,4800,GREOUX-LES-BAINS,4
919,34560,POUSSAN,34
915,34380,MAS-DE-LONDRES,34
901,34200,SETE,34
296,11190,RENNES LES BAINS,11
369,14160,DIVES-SUR-MER,14
293,11800,TREBES,11
2715,85440,TALMONT-SAINT-HILAIRE,85
345,13011,MARSEILLE 11EME,13
3179,97300,CAYENNE,973
277,10430,ROSIERES PRES TROYES,10
2182,74310,LES HOUCHES,74
2835,91540,FONTENAY-LE-VICOMTE,91
1895,66210,LES ANGLES,66
3073,95290,L'ISLE-ADAM,95
910,34140,MEZE,34
880,33112,SAINT LAURENT MEDOC,33
1660,59710,PONT-A-MARCQ,59
3072,95430,AUVERS-SUR-OISE,95
3123,95470,VEMARS,95
515,26200,MONTELIMAR,26
294,11290,LAVALETTE,11
368,14360,TROUVILLE-SUR-MER,14
3145,95410,GROSLAY,95
1703,60790,VALDAMPIERRE,60
625,20166,PIETROSELLA,2A
1488,51100,REIMS,51
3204,75012,PARIS 12,75
1910,69009,LYON 9EME,69
2701,85000,ROCHE SUR YON (LA),85
3020,94210,SAINT-MAUR-DES-FOSSES,94
3061,94300,VINCENNES,94
3206,75014,PARIS 14,75
3210,75018,PARIS 18,75
1782,62210,AVION,62
2989,93300,AUBERVILLIERS,93
468,24000,PERIGUEUX,24
4,1200,VALSERHONE,1
2988,93400,SAINT-OUEN-SUR-SEINE,93
1279,44300,NANTES,44
1411,48000,MENDE,48
1205,42100,SAINT-ETIENNE,42
512,26100,ROMANS-SUR-ISERE,26
1281,44200,NANTES,44
3148,95580,MARGENCY,95
2213,76160,DARNETAL,76
2456,78260,ACHERES,78
2821,91000,EVRY-COURCOURONNES,91
3208,75016,PARIS 16,75
1973,69630,CHAPONOST,69
3040,94250,GENTILLY,94
2658,84000,AVIGNON,84
1907,69250,NEUVILLE SUR SAONE,69
2639,83270,SAINT-CYR-SUR-MER,83
3134,95120,ERMONT,95
1040,37200,TOURS,37
1277,44000,NANTES,44
3011,93220,GAGNY,93
342,13013,MARSEILLE 13EME,13
2753,88000,EPINAL,88
1954,69350,LA MULATIERE,69
1054,38000,GRENOBLE,38
2952,92300,LEVALLOIS-PERRET,92
1714,60290,LAIGNEVILLE,60
2414,78280,GUYANCOURT,78
1943,69960,CORBAS,69
801,33600,PESSAC,33
2472,78680,EPONE,78
1420,49130,LES PONTS DE CE,49
2124,74000,ANNECY,74
472,24100,BERGERAC,24
3029,94230,CACHAN,94
1912,69300,CALUIRE ET CUIRE,69
813,33470,GUJAN MESTRAS,33
2968,92120,MONTROUGE,92
1278,44230,ST SEBASTIEN SUR LOIRE,44
290,11000,CARCASSONNE,11
155,6380,SOSPEL,6
3034,94400,VITRY-SUR-SEINE,94
2453,78955,CARRIERES SOUS POISSY,78
315,13001,MARSEILLE 1ER,13
564,28000,CHARTRES,28
3079,95260,BEAUMONT-SUR-OISE,95
302,11100,NARBONNE,11
2473,78200,MANTES-LA-JOLIE,78
3060,94130,NOGENT-SUR-MARNE,94
1248,42300,ROANNE,42
2991,93120,LA COURNEUVE,93
1928,69007,LYON 7EME,69
2445,78230,PECQ (LE),78
3026,94000,CRETEIL,94
1286,44400,REZE,44
2965,92290,CHATENAY-MALABRY,92
1212,42400,SAINT-CHAMOND,42
2288,77300,FONTAINEBLEAU,77
480,25000,BESANCON,25
2402,77370,NANGIS,77
2849,91200,ATHIS MONS,91
3209,75017,PARIS 17,75
1476,51000,CHALONS EN CHAMPAGNE,51
1214,42230,ROCHE-LA-MOLIERE,42
2850,91260,JUVISY SUR ORGE,91
3202,75009,PARIS 09,75
2931,91370,VERRIERES LE BUISSON,91
1384,45320,SAINT-HILAIRE-LES-ANDRESIS,45
3136,95130,FRANCONVILLE LA GARENNE,95
343,13012,MARSEILLE 12EME,13
3027,94380,BONNEUIL-SUR-MARNE,94
54,2300,CHAUNY,2
666,30000,NIMES,30
1813,62500,SAINT OMER,62
3005,93190,LIVRY-GARGAN,93
2346,77270,VILLEPARISIS,77
814,33150,CENON,33
994,35235,THORIGNE-FOUILLARD,35
2969,92260,FONTENAY-AUX-ROSES,92
2269,77176,SAVIGNY-LE-TEMPLE,77
800,33400,TALENCE,33
2443,78700,CONFLANS SAINTE HONORINE,78
2891,91410,DOURDAN,91
1482,51200,EPERNAY,51
3198,75006,PARIS 06,75
3031,94800,VILLEJUIF,94
2996,93350,LE BOURGET,93
905,34740,VENDARGUES,34
2625,83000,TOULON,83
784,33300,BORDEAUX,33
2447,78100,SAINT-GERMAIN-EN-LAYE,78
3024,94700,MAISONS-ALFORT,94
1423,49610,MURS-ERIGNE,49
2946,92270,BOIS-COLOMBES,92
1962,69540,IRIGNY,69
2075,72300,SABLE SUR SARTHE,72
2236,76400,FECAMP,76
7,1100,OYONNAX,1
2362,77360,VAIRES SUR MARNE,77
722,30100,ALES,30
3150,95360,MONTMAGNY,95
370,14640,VILLERS-SUR-MER,14
2299,77173,CHEVRY-COSSIGNY,77
322,13007,MARSEILLE 7EME,13
826,33770,SALLES,33
144,6100,NICE,6
699,30510,GENERAC,30
283,10600,LA CHAPELLE ST LUC,10
3046,94430,CHENNEVIERES SUR MARNE,94
1421,49125,TIERCE,49
232,7600,VALS-LES-BAINS,7
1596,56400,AURAY,56
2413,78190,TRAPPES,78
3139,95150,TAVERNY,95
2229,76600,LE HAVRE,76
203,6220,VALLAURIS,6
1741,60100,CREIL,60
1147,39570,PERRIGNY,39
55,2000,LAON,2
2248,76460,SAINT-VALERY-EN-CAUX,76
672,30870,CLARENSAC,30
2922,91190,GIF SUR YVETTE,91
281,10000,TROYES,10
1037,37100,TOURS,37
1913,69001,LYON 1ER,69
2459,78540,VERNOUILLET,78
912,34590,MARSILLARGUES,34
2194,74500,EVIAN-LES-BAINS,74
1280,44100,NANTES,44
2437,78170,CELLE-SAINT-CLOUD (LA),78
2822,91450,ETIOLLES,91
2502,78690,ESSARTS-LE-ROI (LES),78
2495,78310,MAUREPAS,78
372,14510,HOULGATE,14
3147,95390,SAINT-PRIX,95
2975,92320,CHATILLON,92
1370,45430,CHECY,45
2228,76620,LE HAVRE,76
61,2100,SAINT QUENTIN,2
3017,93110,ROSNY-SOUS-BOIS,93
2853,91300,MASSY,91
1842,64230,DENGUIN,64
3035,94320,THIAIS,94
3211,75020,PARIS 20,75
3064,94120,FONTENAY-SOUS-BOIS,94
2999,93440,DUGNY,93
261,8300,RETHEL,8
1380,45130,MEUNG-SUR-LOIRE,45
1698,60000,BEAUVAIS,60
761,31290,VILLEFRANCHE-DE-LAURAGAIS,31
1418,49000,ANGERS,49
3203,75011,PARIS 11,75
2417,78350,JOUY EN JOSAS,78
3032,94260,FRESNES,94
827,33370,TRESSES,33
2341,77410,CLAYE-SOUILLY,77
2050,71100,CHALON-SUR-SAONE,71
2400,77160,PROVINS,77
2199,76000,ROUEN,76
2412,78140,VELIZY VILLACOUBLAY,78
2496,78990,ELANCOURT,78
2446,78570,ANDRESY,78
3048,94350,VILLIERS-SUR-MARNE,94
2814,90000,BELFORT,90
2945,92400,COURBEVOIE,92
1739,60500,CHANTILLY,60
3021,94100,SAINT-MAUR-DES-FOSSES,94
2411,78180,MONTIGNY LE BRETONNEUX,78
2220,76960,NOTRE-DAME-DE-BONDEVILLE,76
3201,75010,PARIS 10,75
1593,56440,LANGUIDIC,56
1626,59110,LA MADELEINE,59
2449,78580,MAULE,78
1512,54000,NANCY,54
149,6500,MENTON,6
3115,95570,BOUFFEMONT,95
13,1210,FERNEY-VOLTAIRE,1
2934,91640,VAUGRIGNEUSE,91
2928,91440,BURES SUR YVETTE,91
3012,93160,NOISY-LE-GRAND,93
1977,69130,ECULLY,69
1825,64000,PAU,64
2711,85200,FONTENAY-LE-COMTE,85
3214,75002,PARIS 02,75
2198,76100,ROUEN,76
1361,45100,ORLEANS,45
2823,91540,MENNECY,91
2914,91820,VAYRES-SUR-ESSONNE,91
3153,95110,SANNOIS,95
2431,78400,CHATOU,78
2784,88530,LA FORGE,88
1909,69005,LYON 5EME,69
1630,59155,FACHES THUMESNIL,59
1282,44800,ST-HERBLAIN,44
3140,95880,ENGHIEN LES BAINS,95
2407,78000,VERSAILLES,78
3078,95800,CERGY,95
1667,59700,MARCQ EN BAROEUL,59
207,6250,MOUGINS,6
601,29200,BREST,29
2971,92160,ANTONY,92
2041,70190,RIOZ,70
3212,75019,PARIS 19,75
2808,89100,SENS,89
1666,59420,MOUVAUX,59
513,26000,VALENCE,26
3146,95550,BESSANCOURT,95
1170,40480,VIEUX BOUCAU-LES-BAINS,40
1365,45140,INGRE,45
2500,78120,RAMBOUILLET,78
250,7300,TOURNON-SUR-RHONE,7
2685,84470,CHATEAUNEUF-DE-GADAGNE,84
2954,92200,NEUILLY-SUR-SEINE,92
3067,95300,PONTOISE,95
226,6800,CAGNES SUR MER,6
205,6160,ANTIBES,6
2427,78290,CROISSY SUR SEINE,78
947,34300,AGDE,34
415,18000,BOURGES,18
1440,49280,LA TESSOUALLE,49
949,34340,MARSEILLAN,34
981,35310,CHAVAGNE,35
731,31000,TOULOUSE,31
1750,60740,ST MAXIMIN,60
3084,95800,COURDIMANCHE,95
566,28630,LE COUDRAY,28
2834,91270,VIGNEUX SUR SEINE,91
1102,38250,VILLARD-DE-LANS,38
921,34560,MONTBAZIN,34
1325,44380,PORNICHET,44
499,25300,DOUBS,25
1599,56360,LE PALAIS,56
765,31650,ST ORENS DE GAMEVILLE,31
440,22410,SAINT-QUAY-PORTRIEUX,22
3038,94550,CHEVILLY-LARUE,94
435,22360,LANGUEUX,22
2843,91080,EVRY-COURCOURONNES,91
304,11560,FLEURY D AUDE,11
783,33000,BORDEAUX,33
2261,77720,CHAMPEAUX,77
2433,78560,PORT-MARLY (LE),78
762,31560,NAILLOUX,31
1287,44340,BOUGUENAIS,44
1637,59650,VILLENEUVE-D'ASCQ,59
1010,35400,SAINT-MALO,35
1540,54240,JOEUF,54
1346,44740,BATZ-SUR-MER,44
1296,44270,MACHECOUL-SAINT-MEME,44
815,33270,FLOIRAC,33
2339,77130,CANNES-ECLUSE,77
450,22100,TADEN,22
1740,60270,GOUVIEUX,60
2276,77240,CESSON,77
1005,35470,BAIN-DE-BRETAGNE,35
1347,44500,LA BAULE-ESCOUBLAC,44
548,27930,GRAVIGNY,27
184,6230,SAINT-JEAN-CAP-FERRAT,6
204,6600,ANTIBES,6
253,7100,ANNONAY,7
2278,77820,CHATELET-EN-BRIE (LE),77
1158,40230,ST-VINCENT-DE-TYROSSE,40
2367,77124,VILLENOY,77
974,35770,VERN-SUR-SEICHE,35
1926,69650,SAINT-GERMAIN-AU-MONT-D OR,69
495,25500,MORTEAU,25
694,30820,CAVEIRAC,30
809,33120,ARCACHON,33
3063,94160,SAINT-MANDE,94
2356,77400,LAGNY-SUR-MARNE,77
1176,40140,SOUSTONS,40
665,30900,NIMES,30
786,33680,LACANAU,33
371,14800,DEAUVILLE,14
3131,95270,CHAUMONTEL,95
447,22100,DINAN,22
3049,94370,SUCY-EN-BRIE,94
677,30660,GALLARGUES-LE-MONTUEUX,30
1056,38400,SAINT-MARTIN-D'HERES,38
1585,56290,PORT-LOUIS,56
2818,91100,CORBEIL ESSONNES,91
2948,92600,ASNIERES-SUR-SEINE,92
202,6370,MOUANS-SARTOUX,6
2908,91720,MAISSE,91
517,26300,BOURG-DE-PEAGE,26
1601,56170,QUIBERON,56
215,6510,CARROS,6
965,35000,RENNES,35
2344,77200,TORCY,77
3065,94170,LE PERREUX-SUR-MARNE,94
62,2200,SOISSONS,2
1460,50130,CHERBOURG-EN-COTENTIN,50
1377,45110,CHATEAUNEUF S LOIRE,45
2642,83190,OLLIOULES,83
295,11300,LIMOUX,11
2844,91540,ORMOY,91
1364,45400,FLEURY LES AUBRAIS,45
327,13008,MARSEILLE 8EME,13
1562,54360,BLAINVILLE-SUR-L EAU,54
2349,77700,SERRIS,77
1687,59600,MAUBEUGE,59
2869,91310,MONTLHERY,91
2361,77230,DAMMARTIN-EN-GOELE,77
2423,78340,CLAYES-SOUS-BOIS (LES),78
3154,95220,HERBLAY-SUR-SEINE,95
1244,42380,SAINT-BONNET-LE-CHATEAU,42
2562,81100,CASTRES,81
3082,95620,PARMAIN,95
2357,77420,CHAMPS-SUR-MARNE,77
3018,93250,VILLEMOMBLE,93
2450,78300,POISSY,78
1628,59370,MONS EN BAROEUL,59
1718,60200,COMPIEGNE,60
143,6300,NICE,6
2895,91410,ROINVILLE-SOUS-DOURDAN,91
1400,47550,BOE,47
1157,40100,DAX,40
1582,56100,LORIENT,56
2856,91380,CHILLY MAZARIN,91
3200,75005,PARIS 05,75
1618,58000,NEVERS,58
2352,77410,ANNET-SUR-MARNE,77
2836,91250,SAINT-GERMAIN-LES-CORBEIL,91
2416,78150,LE CHESNAY-ROCQUENCOURT,78
3023,94140,ALFORTVILLE,94
431,22000,SAINT-BRIEUC,22
1579,56520,GUIDEL,56
3009,93330,NEUILLY-SUR-MARNE,93
1728,60150,THOUROTTE,60
3081,95540,MERY-SUR-OISE,95
1925,69580,SATHONAY-VILLAGE,69
2911,91760,ITTEVILLE,91
2350,77144,MONTEVRAIN,77
999,35520,LA MEZIERE,35
1869,65110,CAUTERETS,65
2526,78720,DAMPIERRE-EN-YVELINES,78
3155,95100,ARGENTEUIL,95
2987,93500,PANTIN,93
2638,83330,LE BEAUSSET,83
985,35310,MORDELLES,35
904,34540,BALARUC LES BAINS,34
2408,78210,SAINT-CYR-L ECOLE,78
209,6400,CANNES,6
2126,74960,ANNECY,74
2376,77164,FERRIERES-EN-BRIE,77
969,35132,VEZIN-LE-COQUET,35
2038,70000,VESOUL,70
3051,94440,VILLECRESNES,94
1588,56270,PLOEMEUR,56
2513,78470,SAINT-REMY-LES-CHEVREUSE,78
933,34570,SAINT PAUL ET VALMALLE,34
2365,77700,MAGNY-LE-HONGRE,77
3069,95610,ERAGNY-SUR-OISE,95
2525,78730,ROCHEFORT-EN-YVELINES,78
1237,42600,MONTBRISON,42
746,31300,TOULOUSE,31
698,30700,UZES,30
2302,77430,CHAMPAGNE SUR SEINE,77
2724,85340,SABLES-D'OLONNE (LES),85
799,33170,GRADIGNAN,33
2925,91940,LES ULIS,91
2786,88540,BUSSANG,88
2930,91430,IGNY,91
3120,95400,VILLIERS-LE-BEL,95
3104,95330,DOMONT,95
990,35160,BRETEIL,35
978,35850,PARTHENAY-DE-BRETAGNE,35
2959,92360,MEUDON,92
798,33700,MERIGNAC,33
2848,91600,SAVIGNY-SUR-ORGE,91
95,4300,FORCALQUIER,4
238,7000,PRIVAS,7
2452,78250,MEULAN-EN-YVELINES,78
2942,92500,RUEIL-MALMAISON,92
608,29550,SAINT-NIC,29
3127,95570,MOISSELLES,95
2871,91220,BRETIGNY SUR ORGE,91
3213,75004,PARIS 04,75
2230,76310,STE ADRESSE,76
2881,91310,LEUVILLE-SUR-ORGE,91
2956,92420,VAUCRESSON,92
3013,93460,GOURNAY SUR MARNE,93
2937,91940,GOMETZ-LE-CHATEL,91
2499,78114,MAGNY-LES-HAMEAUX,78
151,6240,BEAUSOLEIL,6
2720,85800,SAINT-GILLES-CROIX-DE-VIE,85
433,22400,LAMBALLE-ARMOR,22
2325,77163,MORTCERF,77
2873,91290,ARPAJON,91
2348,77600,BUSSY-SAINT-GEORGES,77
1975,69340,FRANCHEVILLE,69
1761,60580,COYE LA FORET,60
3196,75001,PARIS 01,75
935,34230,POUZOLS,34
2943,92150,SURESNES,92
1507,53000,LAVAL,53
3037,94310,ORLY,94
3087,95000,PONTOISE,95
339,13850,GREASQUE,13
1175,40530,LABENNE,40
1711,60600,CLERMONT,60
3070,95310,ST OUEN L AUMONE,95
2623,83500,LA SEYNE SUR MER,83
81,4000,DIGNE-LES-BAINS,4
1317,44730,SAINT-MICHEL-CHEF-CHEF,44
2718,85100,SABLES-D'OLONNE (LES),85
3189,97434,SAINT-PAUL,974
964,35510,CESSON-SEVIGNE,35
1671,59840,PERENCHIES,59
2354,77090,COLLEGIEN,77
2637,83400,HYERES,83
2974,92350,LE PLESSIS-ROBINSON,92
1933,69100,VILLEURBANNE,69
2731,85160,SAINT-JEAN-DE-MONTS,85
2345,77500,CHELLES,77
387,16160,GOND PONTOUVRE,16
1458,50470,CHERBOURG-EN-COTENTIN,50
2819,91800,BOUSSY-SAINT-ANTOINE,91
386,16340,L'ISLE D'ESPAGNAC,16
1930,69008,LYON 8EME,69
1038,37270,MONTLOUIS-SUR-LOIRE,37
2374,77177,BROU-SUR-CHANTEREINE,77
2520,78640,VILLIERS-SAINT-FREDERIC,78
392,17180,PERIGNY,17
2420,78160,MARLY-LE-ROI,78
2498,78320,MESNIL-SAINT-DENIS (LE),78
2705,85110,CHANTONNAY,85
1065,38320,EYBENS,38
1059,38240,MEYLAN,38
2973,92330,SCEAUX,92
1197,41000,BLOIS,41
3055,94290,VILLENEUVE-LE-ROI,94
2722,85360,TRANCHE-SUR-MER (LA),85
2579,83310,GRIMAUD,83
2131,74100,ANNEMASSE,74
3008,93150,LE BLANC-MESNIL,93
3207,75015,PARIS 15,75
3141,95320,ST LEU LA FORET,95
2967,92130,ISSY-LES-MOULINEAUX,92
2342,77100,MEAUX,77
2855,91320,WISSOUS,91
3033,94600,CHOISY-LE-ROI,94
1036,37520,LA RICHE,37
900,34110,FRONTIGNAN,34
3010,93360,NEUILLY-PLAISANCE,93
496,25370,LES HOPITAUX NEUFS,25
1136,39100,DOLE,39
553,27730,BUEIL,27
2263,77127,LIEUSAINT,77
445,22400,NOYAL,22
2493,78200,MAGNANVILLE,78
3143,95170,DEUIL LA BARRE,95
2852,91160,LONGJUMEAU,91
492,25300,GRANGES NARBOZ,25
1061,38130,ECHIROLLES,38
2438,78590,NOISY LE ROI,78
1103,38600,FONTAINE,38
3110,95500,LE THILLAY,95
1927,69003,LYON 3EME,69
2136,74100,VETRAZ-MONTHOUX,74
2265,77150,LESIGNY,77
2995,93240,STAINS,93
3019,94410,ST MAURICE,94
570,28130,HANCHES,28
2280,77133,MACHAULT,77
1483,51700,DORMANS,51
2923,91120,PALAISEAU,91
1444,49500,SEGRE-EN-ANJOU BLEU,49
1014,35260,CANCALE,35
979,35230,ORGERES,35
2944,92000,NANTERRE,92
992,35137,BEDEE,35
2578,83300,DRAGUIGNAN,83
2953,92110,CLICHY,92
1653,59139,WATTIGNIES,59
2660,84140,AVIGNON,84
703,30400,VILLENEUVE LES AVIGNON,30
3135,95600,EAUBONNE,95
75,3300,CUSSET,3
3195,75003,PARIS 03,75
3133,95160,MONTMORENCY,95
3047,94510,LA QUEUE-EN-BRIE,94
1627,59000,LILLE,59
2256,77000,MELUN,77
444,22950,TREGUEUX,22
551,27000,EVREUX,27
797,33130,BEGLES,33
2508,78640,NEAUPHLE-LE-CHATEAU,78
2432,78450,VILLEPREUX,78
2132,74940,ANNECY,74
172,6450,SAINT-MARTIN-VESUBIE,6
1019,35350,LA GOUESNIERE,35
1349,44490,LE CROISIC,44
2238,76170,LILLEBONNE,76
819,33310,LORMONT,33
162,6230,VILLEFRANCHE-SUR-MER,6
2825,91330,YERRES,91
2790,88360,RUPT-SUR-MOSELLE,88
2486,78790,SEPTEUIL,78
2990,93200,SAINT-DENIS,93
1304,44190,CLISSON,44
1391,45500,GIEN,45
805,33610,CANEJAN,33
2260,77170,BRIE COMTE ROBERT,77
616,20000,AJACCIO,2A
2262,77380,COMBS LA VILLE,77
1884,66200,ELNE,66
1939,69780,MIONS,69
970,35170,BRUZ,35
430,21000,DIJON,21
2544,80550,LE CROTOY,80
1906,69002,LYON 2EME,69
3156,95370,MONTIGNY LES CORMEILLES,95
595,29000,QUIMPER,29
2360,77178,SAINT-PATHUS,77
3098,95820,BRUYERES-SUR-OISE,95
3091,95340,PERSAN,95
64,2290,VIC SUR AISNE,2
1413,48150,MEYRUEIS,48
439,22370,PLENEUF-VAL-ANDRE,22
829,33740,ARES,33
300,11430,GRUISSAN,11
2337,77580,VILLIERS-SUR-MORIN,77
886,34000,MONTPELLIER,34
2389,77183,CROISSY-BEAUBOURG,77
1269,43110,AUREC-SUR-LOIRE,43
2941,92800,PUTEAUX,92
760,31320,CASTANET TOLOSAN,31
1219,42480,LA FOUILLOUSE,42
2271,77220,PRESLES-EN-BRIE,77
2909,91530,VAL-SAINT-GERMAIN (LE),91
818,33100,BORDEAUX,33
1889,66000,PERPIGNAN,66
2058,71170,CHAUFFAILLES,71
1868,65000,TARBES,65
3074,95000,CERGY,95
166,6310,BEAULIEU SUR MER,6
3118,95380,LOUVRES,95
2234,76430,SAINT-ROMAIN-DE-COLBOSC,76
796,33800,BORDEAUX,33
908,34800,CLERMONT L HERAULT,34
1234,42160,ANDREZIEUX-BOUTHEON,42
2285,77130,MONTEREAU FAULT YONNE,77
120,5000,GAP,5
1055,38100,GRENOBLE,38
323,13005,MARSEILLE 5EME,13
2272,77340,PONTAULT COMBAULT,77
2317,77610,FONTENAY-TRESIGNY,77
1658,59493,VILLENEUVE-D'ASCQ,59
1694,59410,ANZIN,59
1241,42330,SAINT-GALMIER,42
1639,59170,CROIX,59
588,28260,ANET,28
3159,95240,CORMEILLES-EN-PARISIS,95
313,13002,MARSEILLE 2EME,13
532,26800,PORTES LES VALENCE,26
201,6110,LE CANNET,6
2422,78370,PLAISIR,78
2735,86000,POITIERS,86
1496,51450,BETHENY,51
2060,71400,AUTUN,71
2976,92220,BAGNEUX,92
1804,62179,WISSANT,62
2845,91250,TIGERY,91
971,35131,CHARTRES-DE-BRETAGNE,35
2425,78500,SARTROUVILLE,78
1378,45150,JARGEAU,45
2013,69170,TARARE,69
2757,88150,CAPAVENIR VOSGES,88
1140,39400,HAUTS DE BIENNE,39
146,6340,LA TRINITE,6
3003,93270,SEVRAN,93
1127,38210,TULLINS,38
3014,93340,LE RAINCY,93
1518,54600,VILLERS LES NANCY,54
150,6190,ROQUEBRUNE CAP MARTIN,6
1914,69140,RILLIEUX-LA-PAPE,69
2428,78420,CARRIERES SUR SEINE,78
590,28350,ST LUBIN DES JONCHERETS,28
222,6560,VALBONNE,6
26,1100,BELLIGNAT,1
1375,45170,NEUVILLE-AUX-BOIS,45
2055,71150,CHAGNY,71
716,30210,SERNHAC,30
3025,94220,CHARENTON-LE-PONT,94
1966,69310,PIERRE BENITE,69
390,17000,LA ROCHELLE,17
2977,92240,MALAKOFF,92
1165,40220,TARNOS,40
2409,78390,BOIS D ARCY,78
2237,76210,LANQUETOT,76
962,35200,RENNES,35
870,33660,ST-SEURIN-SUR-L ISLE,33
747,31170,TOURNEFEUILLE,31
3004,93390,CLICHY SOUS BOIS,93
1396,47000,AGEN,47
631,20166,ALBITRECCIA,2A
426,19270,USSAC,19
3036,94240,L'HAY-LES-ROSES,94
1699,60110,MERU,60
1034,37300,JOUE LES TOURS,37
3142,95210,ST GRATIEN,95
1723,60610,LACROIX ST OUEN,60
732,31500,TOULOUSE,31
663,30240,LE GRAU DU ROI,30
2415,78330,FONTENAY LE FLEURY,78
3197,75008,PARIS 08,75
2434,78360,MONTESSON,78
1254,42120,LE COTEAU,42
1326,44600,SAINT-NAZAIRE,44
711,30130,PONT ST ESPRIT,30
1180,40390,ST-MARTIN-DE-SEIGNANX,40
2997,93430,VILLETANEUSE,93
2851,91700,SAINTE-GENEVIEVE-DES-BOIS,91
2246,76220,GOURNAY-EN-BRAY,76
2947,92250,LA GARENNE-COLOMBES,92
1224,42490,FRAISSES,42
1908,69004,LYON 4EME,69
101,4700,ORAISON,4
782,33160,SAINT MEDARD EN JALLES,33
1285,44240,CHAPELLE-SUR-ERDRE (LA),44
1336,44550,SAINT-MALO-DE-GUERSAC,44
3050,94450,LIMEIL-BREVANNES,94
2410,78220,VIROFLAY,78
1383,45120,CHALETTE-SUR-LOING,45
1654,59290,WASQUEHAL,59
1110,38520,LE BOURG-D'OISANS,38
2281,77680,ROISSY-EN-BRIE,77
2624,83200,TOULON,83
1853,64200,BIARRITZ,64
3129,95380,PUISEUX-EN-FRANCE,95
1435,49300,CHOLET,49
1535,54150,VAL DE BRIEY,54
3167,97224,DUCOS,972
325,13009,MARSEILLE 9EME,13
422,19260,TREIGNAC,19
2955,92100,BOULOGNE-BILLANCOURT,92
2561,81160,SAINT JUERY,81
742,31520,RAMONVILLE ST AGNE,31
771,31450,POMPERTUZAT,31
526,26110,MIRABEL-AUX-BARONNIES,26
2875,91520,EGLY,91
301,11370,LEUCATE,11
314,13004,MARSEILLE 4EME,13
948,34120,PEZENAS,34
1419,49100,ANGERS,49
2528,79000,NIORT,79
3016,93100,MONTREUIL,93
789,33320,EYSINES,33
3052,94480,ABLON-SUR-SEINE,94
1731,60660,ST VAAST LES MELLO,60
1934,69200,VENISSIEUX,69
1217,42270,SAINT-PRIEST-EN-JAREZ,42
3157,95870,BEZONS,95
808,33380,BIGANOS,33
788,33185,LE HAILLAN,33
914,34830,JACOU,34
2554,80700,ROYE,80
2635,83110,SANARY SUR MER,83
1164,40000,MONT-DE-MARSAN,40
1223,42500,LE CHAMBON-FEUGEROLLES,42
749,31100,TOULOUSE,31
1407,47210,VILLEREAL,47
2828,91280,SAINT-PIERRE-DU-PERRAY,91
793,33480,CASTELNAU-DE-MEDOC,33
1865,65100,LOURDES,65
457,22200,GUINGAMP,22
2047,71250,CLUNY,71
737,31240,L UNION,31
1404,47200,MARMANDE,47
822,33970,LEGE-CAP-FERRET,33
2676,84800,L ISLE SUR LA SORGUE,84
2889,91580,ETRECHY,91
1935,69150,DECINES-CHARPIEU,69
2690,84500,BOLLENE,84
889,34250,PALAVAS-LES-FLOTS,34
2454,78480,VERNEUIL SUR SEINE,78
2574,82300,CAUSSADE,82
945,34500,BEZIERS,34
1284,44470,THOUARE-SUR-LOIRE,44
195,6420,RIMPLAS,6
2832,91230,MONTGERON,91
3105,95400,ARNOUVILLE,95
347,13190,ALLAUCH,13
1492,51350,CORMONTREUIL,51
3111,95200,SARCELLES,95
2632,83980,LE LAVANDOU,83
1501,51160,AVENAY-VAL-D'OR,51
2992,93800,EPINAY SUR SEINE,93
720,30490,MONTFRIN,30
2842,91480,QUINCY-SOUS-SENART,91
1732,60700,PONT STE MAXENCE,60
2481,78840,FRENEUSE,78
2993,93210,SAINT-DENIS,93
2201,76120,GRAND QUEVILLY (LE),76
2798,89000,AUXERRE,89
71,2400,CHATEAU THIERRY,2
3066,94500,CHAMPIGNY-SUR-MARNE,94
585,28500,VERNOUILLET,28
2633,83320,CARQUEIRANNE,83
316,13016,MARSEILLE 16EME,13
3006,93600,AULNAY SOUS BOIS,93
1079,38580,ALLEVARD,38
887,34070,MONTPELLIER,34
1327,44220,COUERON,44
2065,72000,LE MANS,72
2756,88800,VITTEL,88
1800,62930,WIMEREUX,62
754,31330,GRENADE SUR GARONNE,31
258,8000,CHARLEVILLE-MEZIERES,8
1132,38940,ROYBON,38
729,31400,TOULOUSE,31
2054,71230,SAINT VALLIER,71
2535,80000,AMIENS,80
2595,83570,ENTRECASTEAUX,83
1356,45000,ORLEANS,45
1035,37000,TOURS,37
2368,77400,THORIGNY SUR MARNE,77
837,33980,AUDENGE,33
1864,64120,SAINT-PALAIS,64
2488,78270,BONNIERES-SUR-SEINE,78
3001,93290,TREMBLAY-EN-FRANCE,93
3199,75007,PARIS 07,75
2950,92700,COLOMBES,92
2841,91860,EPINAY-SOUS-SENART,91
524,26790,TULETTE,26
1647,59810,LESQUIN,59
2779,88100,SAINT DIE DES VOSGES,88
1625,59800,LILLE,59
3205,75013,PARIS 13,75
2958,92210,SAINT-CLOUD,92
425,19100,BRIVE LA GAILLARDE,19
324,13006,MARSEILLE 6EME,13
148,6200,NICE,6
781,33290,PAREMPUYRE,33
1938,69800,SAINT-PRIEST,69
3007,93420,VILLEPINTE,93
1701,60540,BORNEL,60
2292,77140,NEMOURS,77
1210,42700,FIRMINY,42
1706,60570,ANDEVILLE,60
2061,71200,LE CREUSOT,71
2385,77178,OISSERY,77
2082,72600,MAMERS,72
2547,80120,QUEND,80
2745,87000,LIMOGES,87
1355,45800,ST JEAN DE BRAYE,45
236,7200,AUBENAS,7
2523,78830,BONNELLES,78
2708,85250,SAINT-FULGENT,85
1453,50600,SAINT-HILAIRE-DU-HARCOUET,50
1141,39100,SAMPANS,39
780,33160,SAINT AUBIN DE MEDOC,33
2487,78550,RICHEBOURG,78
2264,77310,SAINT-FARGEAU-PONTHIERRY,77
2917,91470,ANGERVILLIERS,91
1506,53800,CONGRIER,53
1641,59491,VILLENEUVE-D'ASCQ,59
973,35760,SAINT-GREGOIRE,35
278,10100,ROMILLY SUR SEINE,10
208,6410,BIOT,6
1591,56620,CLEGUER,56
1955,69110,SAINTE FOY LES LYON,69
1557,54910,VALLEROY,54
2647,83390,CUERS,83
1670,59280,ARMENTIERES,59
409,17600,SAUJON,17
1752,60260,LAMORLAYE,60
1295,44470,CARQUEFOU,44
2847,91810,VERT LE GRAND,91
1847,64400,MOUMOUR,64
1870,65170,SAINT-LARY-SOULAN,65
2421,78110,VESINET (LE),78
291,11400,CASTELNAUDARY,11
1733,60180,NOGENT SUR OISE,60
1431,49240,AVRILLE,49
1874,65200,BAGNERES-DE-BIGORRE,65
1852,64100,BAYONNE,64
2476,78711,MANTES-LA-VILLE,78
2568,82100,CASTELSARRASIN,82
609,29600,MORLAIX,29
3103,95500,GONESSE,95
1315,44250,SAINT BREVIN LES PINS,44
2868,91240,SAINT-MICHEL-SUR-ORGE,91
1098,38860,LES DEUX ALPES,38
1597,56340,CARNAC,56
3149,95230,SOISY SS MONTMORENCY,95
408,17100,SAINTES,17
2933,91140,VILLEBON SUR YVETTE,91
1838,64300,ORTHEZ,64
2743,86300,CHAUVIGNY,86
3109,95440,ECOUEN,95
1011,35800,DINARD,35
2527,79200,PARTHENAY,79
2207,76500,ELBEUF,76
2936,91190,VILLIERS-LE-BACLE,91
943,34350,VALRAS-PLAGE,34
2369,77700,BAILLY-ROMAINVILLIERS,77
1743,60870,VILLERS ST PAUL,60
2926,91570,BIEVRES,91
6,1630,ST-GENIS-POUILLY,1
851,33380,MIOS,33
2430,78620,ETANG-LA-VILLE (L ),78
2485,78440,GARGENVILLE,78
2457,78750,MAREIL-MARLY,78
318,13003,MARSEILLE 3EME,13
198,6670,LA ROQUETTE SUR VAR,6
1293,44840,SORINIERES (LES),44
2139,74100,VILLE-LA-GRAND,74
1449,50400,GRANVILLE,50
541,26240,SAINT VALLIER,26
3039,94150,RUNGIS,94
2156,74400,CHAMONIX MONT BLANC,74
2372,77700,CHESSY,77
1898,66400,CERET,66
2175,74300,CLUSES,74
675,30250,SOMMIERES,30
482,25410,SAINT VIT,25
2810,89150,ST VALERIEN,89
2929,91470,LIMOURS,91
331,13600,LA CIOTAT,13
802,33140,VILLENAVE D ORNON,33
2972,92170,VANVES,92
584,28100,DREUX,28
1897,66110,AMELIE LES BAINS,66
2960,92310,SEVRES,92
1581,56260,LARMOR-PLAGE,56
2887,91790,BOISSY-SOUS-SAINT-YON,91
1305,44450,SAINT-JULIEN-DE-CONCELLES,44
2702,85660,SAINT-PHILBERT-DE-BOUAINE,85
1099,38360,SASSENAGE,38
1776,62000,ARRAS,62
76,3200,VICHY,3
1204,42000,SAINT-ETIENNE,42
397,17410,SAINT-MARTIN-DE-RE,17
3028,94200,IVRY-SUR-SEINE,94
779,33200,BORDEAUX,33
568,28300,MAINVILLIERS,28
329,13260,CASSIS,13
224,6530,PEYMEINADE,6
2224,76470,LE TREPORT,76
2098,73000,CHAMBERY,73
527,26270,LORIOL SUR DROME,26
1343,44510,LE POULIGUEN,44
2759,88000,CHANTRAINE,88
2980,93260,LES LILAS,93
529,26130,SAINT-PAUL-TROIS-CHATEAUX,26
3138,95740,FREPILLON,95
3080,95630,MERIEL,95
334,13821,LA PENNE SUR HUVEAUNE,13
2077,72200,LA FLECHE,72
3022,94340,JOINVILLE-LE-PONT,94
1490,51530,DIZY,51
1028,35500,VITRE,35
2429,78800,HOUILLES,78
1780,62223,ANZIN-SAINT-AUBIN,62
2679,84300,CAVAILLON,84
3121,95270,LUZARCHES,95
803,33127,SAINT JEAN D ILLAC,33
2585,83120,SAINTE MAXIME,83
658,20090,AJACCIO,2A
237,7800,LA-VOULTE-SUR-RHONE,7
359,13200,ARLES,13
854,33115,LA TESTE-DE-BUCH,33
1255,42300,MABLY,42
1173,40990,ST-PAUL-LES-DAX,40
1196,41100,VENDOME,41
1231,42152,L HORME,42
1787,62400,BETHUNE,62
2919,91460,MARCOUSSIS,91
2879,91180,SAINT-GERMAIN-LES-ARPAJON,91
393,17340,CHATELAILLON-PLAGE,17
3041,94110,ARCUEIL,94
1354,44110,CHATEAUBRIANT,44
730,31200,TOULOUSE,31
2090,73200,ALBERTVILLE,73
2435,78600,MESNIL-LE-ROI (LE),78
2507,78640,SAINT-GERMAIN-DE-LA-GRANGE,78
1574,56890,SAINT-AVE,56
2970,92140,CLAMART,92
2559,81000,ALBI,81
2426,78430,LOUVECIENNES,78
330,13360,ROQUEVAIRE,13
1152,39260,MOIRANS-EN-MONTAGNE,39
282,10400,TRAINEL,10
1353,44390,NORT SUR ERDRE,44
1566,54200,TOUL,54
1523,54520,LAXOU,54
2436,78380,BOUGIVAL,78
2806,89100,PARON,89
2863,91360,VILLEMOISSON-S-ORGE,91
1032,36000,CHATEAUROUX,36
2626,83140,SIX-FOURS-LES-PLAGES,83
1357,45160,OLIVET,45
227,6270,VILLENEUVE-LOUBET,6
3068,95180,MENUCOURT,95
1662,59830,CYSOING,59
1642,59100,ROUBAIX,59
2675,84400,APT,84
885,34080,MONTPELLIER,34
317,13015,MARSEILLE 15EME,13
1156,40170,ST-JULIEN-EN-BORN,40
898,34430,SAINT-JEAN-DE-VEDAS,34
835,33440,ST LOUIS DE MONTFERRAND,33
1524,54390,FROUARD,54
2010,69400,LIMAS,69
560,27270,LA TRINITE DE REVILLE,27
2255,77330,OZOIR LA FERRIERE,77
894,34280,LA GRANDE MOTTE,34
299,11210,PORT-LA-NOUVELLE,11
2451,78510,TRIEL SUR SEINE,78
2267,77220,GRETZ-ARMAINVILLIERS,77
2159,74800,LA ROCHE SUR FORON,74
664,30220,AIGUES-MORTES,30
319,13014,MARSEILLE 14EME,13
1669,59200,TOURCOING,59
2475,78970,MEZIERES-SUR-SEINE,78
1633,59350,SAINT-ANDRE,59
3043,94520,PERIGNY,94
20,1280,PREVESSIN-MOENS,1
2018,69870,LAMURE SUR AZERGUES,69
2985,93700,DRANCY,93
2171,74260,LES GETS,74
2553,80230,SAINT-VALERY-SUR-SOMME,80
2168,74300,ARACHES LA FRASSE,74
2114,73590,FLUMET,73
2981,93170,BAGNOLET,93
321,13010,MARSEILLE 10EME,13
1073,38220,VIZILLE,38
1441,49400,SAUMUR,49
2007,69400,VILLEFRANCHE,69
831,33210,LANGON,33
1689,59400,CAMBRAI,59
2166,74170,SAINT GERVAIS LES BAINS,74
2645,83260,LA CRAU,83
2157,74250,VIUZ-EN-SALLAZ,74
2137,74560,MONNETIER-MORNEX,74
3112,95560,MONTSOULT,95
1929,69006,LYON 6EME,69
1511,54270,ESSEY LES NANCY,54
1744,60520,LA CHAPELLE EN SERVAL,60
2143,74520,CHENEX,74
1227,42800,RIVE-DE-GIER,42
1945,69720,SAINT-BONNET-DE-MURE,69
2588,83480,PUGET-SUR-ARGENS,83
229,6480,LA COLLE SUR LOUP,6
2170,74440,TANINGES,74
3000,93410,VAUJOURS,93
878,33780,SOULAC-SUR-MER,33
1166,40150,SOORTS-HOSSEGOR,40
2634,83150,BANDOL,83
2190,74800,SAINT-PIERRE-EN-FAUCIGNY,74
1638,59134,FOURNES-EN-WEPPES,59
2138,74160,COLLONGES-SOUS-SALEVE,74
2717,85270,SAINT-HILAIRE-DE-RIEZ,85
2986,93140,BONDY,93
2838,91250,SAINTRY-SUR-SEINE,91
3015,93370,MONTFERMEIL,93
1640,59390,LYS LEZ LANNOY,59
2746,87100,LIMOGES,87
1589,56600,LANESTER,56
1635,59790,RONCHIN,59
3191,97440,SAINT-ANDRE,974
607,29160,CROZON,29
59,2700,TERGNIER,2
1953,69600,OULLINS,69
1721,60400,NOYON,60
2203,76140,PETIT QUEVILLY (LE),76
145,6730,SAINT-ANDRE DE LA ROCHE,6
1300,44700,ORVAULT,44
2290,77210,AVON,77
787,33110,LE BOUSCAT,33
888,34090,MONTPELLIER,34
1681,59500,DOUAI,59
228,6700,SAINT LAURENT DU VAR,6
2577,83600,FREJUS,83
1615,56300,PONTIVY,56
1738,60300,SENLIS,60
1755,60410,VERBERIE,60
554,27200,VERNON,27
2031,70300,LUXEUIL-LES-BAINS,70
1826,64140,BILLERE,64
2949,92230,GENNEVILLIERS,92
1135,39200,SAINT-CLAUDE,39
2659,84170,MONTEUX,84
2859,91170,VIRY CHATILLON,91
1075,38120,FONTANIL-CORNILLON,38
2719,85180,SABLES-D'OLONNE (LES),85
535,26260,SAINT-DONAT-SUR-L HERBASSE,26
735,31130,BALMA,31
2688,84100,ORANGE,84
1958,69420,CONDRIEU,69
778,32600,L ISLE JOURDAIN,32
2760,88000,DEYVILLERS,88
1462,50200,COUTANCES,50
1162,40300,PEYREHORADE,40
2769,88350,LIFFOL-LE-GRAND,88
2551,80100,ABBEVILLE,80
2266,77630,BARBIZON,77
2750,87280,LIMOGES,87
2424,78600,MAISONS-LAFFITTE,78
2870,91310,LINAS,91
565,28320,GALLARDON,28
3085,95420,MAGNY-EN-VEXIN,95
1360,45650,SAINT-JEAN-LE-BLANC,45
2837,91090,LISSES,91
2866,91160,CHAMPLAN,91
2788,88200,REMIREMONT,88
1447,50680,MOON-SUR-ELLE,50
1260,43000,LE PUY EN VELAY,43
1393,45250,BRIARE,45
911,34160,SUSSARGUES,34
375,14800,TOURGEVILLE,14
1344,44350,GUERANDE,44
2063,71200,SAINT SERNIN DU BOIS,71
950,34600,BEDARIEUX,34
1515,54130,SAINT MAX,54
2817,91070,BONDOUFLE,91
400,17138,PUILBOREAU,17
817,33510,ANDERNOS-LES-BAINS,33
2030,69480,MARCY,69
2538,80680,SAINT-FUSCIEN,80
924,34540,BALARUC LE VIEUX,34
1236,42130,BOEN-SUR-LIGNON,42
2366,77700,COUPVRAY,77
982,35850,IRODOUER,35
1069,38500,VOIRON,38
2709,85500,HERBIERS (LES),85
2068,72100,LE MANS,72
373,14130,PONT-L EVEQUE,14
1980,69160,TASSIN-LA-DEMI-LUNE,69
1793,62440,HARNES,62
902,34110,VIC-LA-GARDIOLE,34
2938,91140,VILLEJUST,91
2984,93320,LES PAVILLONS-SOUS-BOIS,93
1359,45140,ST JEAN DE LA RUELLE,45
2792,88160,LE THILLOT,88
1083,38340,VOREPPE,38
614,29680,ROSCOFF,29
1291,44119,TREILLIERES,44
1996,69450,SAINT CYR AU MONT D OR,69
926,34750,VILLENEUVE-LES-MAGUELONE,34
175,6670,SAINT-MARTIN-DU-VAR,6
276,10300,SAINTE SAVINE,10
1057,38610,GIERES,38
2052,71100,SAINT-REMY,71
459,22700,PERROS-GUIREC,22
1504,52200,LANGRES,52
2232,76290,MONTIVILLIERS,76
1791,62330,ISBERGUES,62
2080,72400,LA FERTE BERNARD,72
2575,82140,SAINT ANTONIN NOBLE VAL,82
2862,91350,GRIGNY,91
2002,69610,SAINTE-FOY-L ARGENTIERE,69
2072,72450,MONTFORT-LE-GESNOIS,72
355,13700,MARIGNANE,13
3075,95480,PIERRELAYE,95
1388,45330,LE MALESHERBOIS,45
733,31780,CASTELGINEST,31
1514,54700,PONT A MOUSSON,54
1503,52000,CHAUMONT,52
1306,44830,BOUAYE,44
2663,84130,LE PONTET,84
2351,77186,NOISIEL,77
2329,77580,CRECY LA CHAPELLE,77
2763,88500,MIRECOURT,88
2503,78650,BEYNES,78
3114,95460,EZANVILLE,95
2268,77550,REAU,77
1332,44550,MONTOIR-DE-BRETAGNE,44
73,3000,MOULINS,3
2318,77120,COULOMMIERS,77
2045,71000,MACON,71
597,29300,QUIMPERLE,29
1198,41400,MONTRICHARD VAL DE CHER,41
3108,95140,GARGES-LES-GONESSE,95
2978,93310,LE PRE-SAINT-GERVAIS,93
2363,77185,LOGNES,77
1558,54300,LUNEVILLE,54
423,19000,TULLE,19
1448,50500,CARENTAN LES MARAIS,50
1215,42320,LA GRAND-CROIX,42
2641,83740,LA CADIERE D AZUR,83
1915,69270,FONTAINES SUR SAONE,69
2854,91420,MORANGIS,91
1238,42340,VEAUCHE,42
3077,95520,OSNY,95
3062,94360,BRY-SUR-MARNE,94
2353,77400,POMPONNE,77
1505,53200,CHATEAU-GONTIER-SUR-MAYENNE,53
414,18100,VIERZON,18
673,30230,BOUILLARGUES,30
3184,97438,SAINTE MARIE,974
2121,74330,LA BALME DE SILLINGY,74
116,5100,BRIANCON,5
1179,40800,AIRE-SUR-L'ADOUR,40
785,33520,BRUGES,33
2921,91400,ORSAY,91
328,13470,CARNOUX-EN-PROVENCE,13
3030,94270,LE KREMLIN-BICETRE,94
1489,51430,TINQUEUX,51
1952,69230,SAINT-GENIS-LAVAL,69
212,6130,GRASSE,6
864,33390,BLAYE,33
1972,69440,MORNANT,69
2173,74130,BONNEVILLE,74
2195,74500,SAINT-PAUL-EN-CHABLAIS,74
2196,74430,SAINT-JEAN-D'AULPS,74
2557,80300,ALBERT,80
1970,69700,ECHALAS,69
3053,94420,LE PLESSIS-TREVISE,94
2643,83230,BORMES-LES-MIMOSAS,83
2648,83330,EVENOS,83
1249,42190,CHARLIEU,42
280,10120,SAINT ANDRE LES VERGERS,10
2764,88300,NEUFCHATEAU,88
2982,93130,NOISY-LE-SEC,93
1172,40600,BISCARROSSE,40
2167,74700,SALLANCHES,74
1123,38140,RIVES,38
2,1220,DIVONNE-LES-BAINS,1
211,6210,MANDELIEU-LA-NAPOULE,6
2275,77190,DAMMARIE LES LYS,77
3175,97231,ROBERT,972
33,1150,SAINT-VULBAS,1
2153,74570,GROISY,74
1629,59130,LAMBERSART,59
2163,74170,LES CONTAMINES MONTJOIE,74
1919,69580,SATHONAY-CAMP,69
1250,42300,VILLEREST,42
2270,77176,NANDY,77
2994,93380,PIERREFITTE-SUR-SEINE,93
27,1110,PLATEAU D'HAUTEVILLE,1
3042,94190,VILLENEUVE-SAINT-GEORGES,94
1808,62520,LE TOUQUET PARIS PLAGE,62
2640,83250,LA LONDE LES MAURES,83
1957,69530,BRIGNAIS,69
3168,97232,LE LAMENTIN,972
2154,74580,VIRY,74
2964,92370,CHAVILLE,92
1084,38410,CHAMROUSSE,38
1922,69270,ROCHETAILLEE-SUR-SAONE,69
3158,95530,LA FRETTE-SUR-SEINE,95
2253,76970,GREMONVILLE,76
51,1120,DAGNEUX,1
3187,97490,SAINT DENIS,974
3058,94490,ORMESSON-SUR-MARNE,94
77,4200,SISTERON,4
2161,74920,COMBLOUX,74
2186,74800,AMANCY,74
832,33850,LEOGNAN,33
2776,88400,XONRUPT-LONGEMER,88
2210,76920,AMFREVILLE-LA-MIVOIE,76
219,6460,SAINT-VALLIER-DE-THIEY,6
2629,83100,TOULON,83
3076,95280,JOUY-LE-MOUTIER,95
1163,40510,SEIGNOSSE,40
833,33950,LEGE-CAP-FERRET,33
1810,62155,MERLIMONT,62
2820,91800,BRUNOY,91
520,26120,CHABEUIL,26
736,31280,DREMIL LAFAGE,31
2370,77181,LE PIN,77
860,33690,GRIGNOLS,33
464,22310,PLESTIN-LES-GREVES,22
2032,70400,HERICOURT,70
2035,70400,CHALONVILLARS,70
1576,56610,ARRADON,56
922,34730,PRADES-LE-LEZ,34
868,33920,SAINT-SAVIN,33
1108,38640,CLAIX,38
1720,60280,CLAIROIX,60
2084,73100,AIX LES BAINS,73
2787,88250,LA BRESSE,88
2519,78830,BULLION,78
2468,78240,CHAMBOURCY,78
2393,77400,CARNETIN,77
2406,77370,MAISON-ROUGE,77
573,28130,MAINTENON,28
1328,44160,BESNE,44
1080,38190,VILLARD-BONNOT,38
1976,69660,COLLONGES-AU-MONT- D OR,69
437,22580,PLOUHA,22
298,11130,SIGEAN,11
1427,49480,VERRIERES-EN-ANJOU,49
1875,65120,BAREGES,65
1556,54800,HATRIZE,54
2886,91820,BOUTIGNY-SUR-ESSONNE,91
2373,77230,VILLENEUVE SOUS DAMMARTIN,77
846,33370,YVRAC,33
90,4400,BARCELONNETTE,4
413,17400,ST JEAN D'ANGELY,17
2388,77181,COURTRY,77
2888,91150,ORMOY-LA-RIVIERE,91
987,35340,LIFFRE,35
488,25960,DELUZ,25
2751,87270,COUZEIX,87
2550,80460,AULT,80
1372,45190,BEAUGENCY,45
1182,40200,MIMIZAN,40
2509,78460,CHEVREUSE,78
1704,60240,CHAUMONT-EN-VEXIN,60
519,26500,BOURG LES VALENCE,26
1858,64700,HENDAYE,64
2455,78130,MUREAUX (LES),78
706,30840,MEYNES,30
2805,89500,VILLENEUVE SUR YONNE,89
2379,77400,DAMPMART,77
2135,74150,RUMILLY,74
2860,91700,VILLIERS-SUR-ORGE,91
1956,69510,SOUCIEU EN JARREST,69
1619,58600,FOURCHAMBAULT,58
2176,74440,MORILLON,74
963,35830,BETTON,35
696,30440,SUMENE,30
1691,59300,VALENCIENNES,59
674,30128,GARONS,30
385,16300,BARBEZIEUX SAINT HILAIRE,16
1074,38120,SAINT-EGREVE,38
845,33550,LANGOIRAN,33
1422,49124,SAINT-BARTHELEMY-D ANJOU,49
1412,48300,LANGOGNE,48
1312,44880,SAUTRON,44
1358,45380,LA CHAPELLE ST MESMIN,45
1773,61000,ALENCON,61
1873,65710,CAMPAN,65
2295,77170,COUBERT,77
1806,62250,MARQUISE,62
2202,76240,BONSECOURS,76
2979,93230,ROMAINVILLE,93
2257,77220,TOURNAN-EN-BRIE,77
2904,91850,BOURAY-SUR-JUINE,91
3137,95130,PLESSIS-BOUCHARD (LE),95
407,17450,FOURAS,17
2951,92390,VILLENEUVE-LA-GARENNE,92
2824,91100,VILLABE,91
907,34400,LUNEL,34
1200,41200,ROMORANTIN-LANTHENAY,41
3192,97419,LA POSSESSION,974
2571,82700,MONTECH,82
1777,62217,ACHICOURT,62
3101,95190,GOUSSAINVILLE,95
3178,97213,GROS MORNE,972
170,6320,CAP-D AIL,6
1631,59260,LILLE,59
2227,76610,LE HAVRE,76
1844,64400,OLORON SAINTE MARIE,64
1428,49112,VERRIERES-EN-ANJOU,49
550,27530,EZY SUR EURE,27
1986,69410,CHAMPAGNE-AU-MONT-D OR,69
1385,45200,AMILLY,45
438,22500,PAIMPOL,22
216,6140,VENCE,6
967,35700,RENNES,35
3126,95470,SURVILLIERS,95
1484,51530,VINAY,51
3045,94460,VALENTON,94
2957,92380,GARCHES,92
2998,93450,L'ILE-SAINT-DENIS,93
2118,73000,BARBERAZ,73
1949,69360,SOLAIZE,69
2000,69290,POLLIONNAY,69
2259,77350,LE MEE SUR SEINE,77
2669,84350,COURTHEZON,84
2241,76700,GONFREVILLE L ORCHER,76
11,1170,CESSY,1
972,35136,ST JACQUES DE LA LANDE,35
641,20145,SARI-SOLENZARA,2A
2216,76230,BOIS GUILLAUME,76
1803,62100,CALAIS,62
2809,89150,SAVIGNY SUR CLAIRIS,89
2644,83210,LA FARLEDE,83
2141,74380,BONNE,74
3086,95490,VAUREAL,95
1757,60230,CHAMBLY,60
3173,97234,FORT DE FRANCE,972
574,28110,LUCE,28
1533,54110,VARANGEVILLE,54
744,31140,LAUNAGUET,31
1072,38530,PONTCHARRA,38
1722,60170,RIBECOURT DRESLINCOURT,60
2667,84260,SARRIANS,84
1247,42600,PRECIEUX,42
1060,38330,MONTBONNOT-SAINT-MARTIN,38
1688,59540,CAUDRY,59
2590,83530,SAINT RAPHAEL,83
2418,78530,BUC,78
738,31140,AUCAMVILLE,31
1077,38950,SAINT-MARTIN-LE-VINOUX,38
2829,91210,DRAVEIL,91
2861,91390,MORSANG-SUR-ORGE,91
1082,38410,SAINT-MARTIN-D'URIAGE,38
1686,59146,PECQUENCOURT,59
275,9350,DAUMAZAN-SUR-ARIZE,9
1195,40230,BENESSE-MAREMNE,40
1094,38960,SAINT-ETIENNE-DE-CROSSEY,38
2377,77290,MITRY MORY,77
1827,64140,LONS,64
1013,35800,SAINT-LUNAIRE,35
1983,69280,MARCY-L ETOILE,69
2403,77480,MOUY-SUR-SEINE,77
1129,38430,MOIRANS,38
1866,65400,ARGELES-GAZOST,65
1536,54400,LONGWY,54
2343,77400,SAINT THIBAULT DES VIGNES,77
2894,91740,PUSSAY,91
3056,94880,NOISEAU,94
263,8110,CARIGNAN,8
2359,77600,BUSSY-SAINT-MARTIN,77
2827,91610,BALLANCOURT-SUR-ESSONNE,91
1643,59150,WATTRELOS,59
2839,91130,RIS-ORANGIS,91
2758,88270,DAMAS-ET-BETTEGNEY,88
1230,42240,UNIEUX,42
855,33640,CASTRES GIRONDE,33
953,34620,PUISSERGUIER,34
3057,94440,SANTENY,94
2765,88460,CHENIMENIL,88
2340,77690,GENEVRAYE (LA),77
2878,91680,BRUYERES-LE-CHATEL,91
841,33138,LANTON,33
582,28200,CHATEAUDUN,28
679,30670,AIGUES-VIVES,30
2831,91560,CROSNE,91
2315,77630,SAINT-MARTIN-EN-BIERE,77
1472,50550,SAINT-VAAST-LA-HOUGUE,50
46,1800,MEXIMIEUX,1
1530,54180,HEILLECOURT,54
3151,95680,MONTLIGNON,95
2460,78410,AUBERGENVILLE,78
1624,58000,SAINT ELOI,58
594,28400,NOGENT LE ROTROU,28
1814,62219,LONGUENESSE,62
3117,95560,BAILLET-EN-FRANCE,95
2506,78490,GALLUIS,78
1021,35190,SAINT-DOMINEUC,35
2514,78960,VOISINS-LE-BRETONNEUX,78
883,33180,VERTHEUIL,33
17,1300,BELLEY,1
1541,54800,JARNY,54
1899,66120,FONT-ROMEU ODEILLO-VIA,66
2358,77184,EMERAINVILLE,77
1553,54190,VILLERUPT,54
3165,97229,TROIS ILETS,972
3113,95470,SAINT-WITZ,95
2258,77000,VAUX-LE-PENIL,77
2732,85690,NOTRE-DAME-DE-MONTS,85
2721,85460,FAUTE-SUR-MER (LA),85
2057,71600,PARAY LE MONIAL,71
2546,80600,DOULLENS,80
2491,78820,JUZIERS,78
1759,60820,BORAN SUR OISE,60
848,33430,BAZAS,33
2804,89200,AVALLON,89
2905,91490,COURANCES,91
1480,51300,VITRY LE FRANCOIS,51
2650,83210,BELGENTIER,83
169,6440,L'ESCARENE,6
823,33470,LE TEICH,33
1406,47300,VILLENEUVE SUR LOT,47
968,35135,CHANTEPIE,35
2056,71120,CHAROLLES,71
2064,71500,LOUHANS,71
1382,45200,MONTARGIS,45
1816,63200,RIOM,63
494,25130,VILLERS LE LAC,25
10,1500,AMBERIEU-EN-BUGEY,1
1587,56700,HENNEBONT,56
1058,38700,LA TRONCHE,38
516,26400,CREST,26
2740,86100,CHATELLERAULT,86
335,13720,LA BOUILLADISSE,13
1218,42410,PELUSSIN,42
1918,69270,COUZON-AU-MONT-D OR,69
262,8200,SEDAN,8
1142,39000,LONS LE SAUNIER,39
2222,76200,DIEPPE,76
1007,35580,GUICHEN,35
2009,69380,LOZANNE,69
3144,95250,BEAUCHAMP,95
2133,74160,NEYDENS,74
1551,54440,HERSERANGE,54
657,20110,VIGGIANELLO,2A
2458,78670,VILLENNES-SUR-SEINE,78
1979,69290,CRAPONNE,69
2108,73120,COURCHEVEL,73
2151,74350,COPPONEX,74
917,34160,CASTRIES,34
1931,69330,MEYZIEU,69
1252,42153,RIORGES,42
1078,38570,TENCIN,38
1650,59120,LOOS,59
350,13100,AIX EN PROVENCE,13
3170,97280,VAUCLIN,972
1068,38660,LA TERRASSE,38
2536,80090,AMIENS,80
1690,59590,RAISMES,59
1719,60280,MARGNY LES COMPIEGNE,60
2125,74230,MANIGOD,74
2081,72610,CHAMPFLEUR,72
2636,83210,SOLLIES-PONT,83
2364,77600,CHANTELOUP EN BRIE,77
1920,69250,CURIS-AU-MONT-D'OR,69
2239,76790,ETRETAT,76
1828,64320,BIZANOS,64
810,33560,CARBON BLANC,33
3130,95190,FONTENAY-EN-PARISIS,95
1846,64440,EAUX BONNES,64
1206,42650,SAINT-JEAN-BONNEFONDS,42
2208,76410,TOURVILLE-LA-RIVIERE,76
2212,76150,MAROMME,76
1457,50100,CHERBOURG-EN-COTENTIN,50
2748,87400,ST-LEONARD-DE-NOBLAT,87
1978,69570,DARDILLY,69
451,22770,LANCIEUX,22
1466,50230,AGON-COUTAINVILLE,50
2795,88310,CORNIMONT,88
1297,44980,SAINTE-LUCE-SUR-LOIRE,44
2915,91590,BOISSY-LE-CUTTE,91
2630,83430,SAINT-MANDRIER-SUR-MER,83
2865,91360,EPINAY SUR ORGE,91
2614,83570,MONTFORT SUR ARGENS,83
504,25500,MONTLEBON,25
1871,65240,ARREAU,65
1672,59250,HALLUIN,59
97,4100,MANOSQUE,4
1024,35350,SAINT-MELOIR-DES-ONDES,35
2666,84370,BEDARRIDES,84
1893,66350,TOULOUGES,66
469,24750,TRELISSAC,24
454,22100,LANVALLAY,22
2122,74600,ANNECY,74
2916,91580,VILLENEUVE-SUR-AUVERS,91
866,33920,SAINT-YZAN-DE-SOUDIAC,33
1258,42720,BRIENNON,42
2830,91480,VARENNES-JARCY,91
741,31150,GAGNAC SUR GARONNE,31
1264,43400,LE CHAMBON SUR LIGNON,43
2744,87170,ISLE,87
476,24120,TERRASSON LAVILLEDIEU,24
1661,59242,TEMPLEUVE EN PEVELE,59
750,31700,BLAGNAC,31
2783,88430,GERBEPAL,88
465,22600,LOUDEAC,22
2777,88400,GERARDMER,88
686,30620,AUBORD,30
2699,84230,CHATEAUNEUF-DU-PAPE,84
1340,44480,DONGES,44
1763,60330,LE PLESSIS BELLEVILLE,60
571,28300,LEVES,28
2932,91620,VILLE-DU-BOIS (LA),91
617,20110,PROPRIANO,2A
700,30290,LAUDUN-L ARDOISE,30
366,14100,LISIEUX,14
2581,83310,COGOLIN,83
1430,49320,BRISSAC LOIRE AUBANCE,49
1937,69120,VAULX EN VELIN,69
2020,69220,BELLEVILLE-EN-BEAUJOLAIS,69
1834,64150,MOURENX,64
2482,78550,MAULETTE,78
1345,44420,LA TURBALLE,44
2249,76190,YVETOT,76
2549,80350,MERS-LES-BAINS,80
1678,59760,GRANDE-SYNTHE,59
251,7130,SAINT-PERAY,7
3,1630,PERON,1
1181,40150,ANGRESSE,40
1481,51300,FRIGNICOURT,51
2662,84700,SORGUES,84
2123,74210,FAVERGES-SEYTHENEX,74
1043,37540,SAINT CYR SUR LOIRE,37
1106,38880,AUTRANS-MEAUDRE EN VERCORS,38
1350,44117,SAINT-ANDRE-DES-EAUX,44
2628,83220,LE PRADET,83
1160,40280,SAINT-PIERRE-DU-MONT,40
197,6420,CLANS,6
2134,74370,ARGONAY,74
185,6670,LEVENS,6
1452,50350,DONVILLE-LES-BAINS,50
2147,74370,ANNECY,74
2286,77140,SAINT-PIERRE-LES-NEMOURS,77
2657,84200,CARPENTRAS,84
1632,59777,LILLE,59
2714,85560,LONGEVILLE-SUR-MER,85
717,30200,BAGNOLS SUR CEZE,30
2580,83700,SAINT RAPHAEL,83
2218,76250,DEVILLE-LES-ROUEN,76
2172,74120,MEGEVE,74
1395,47520,LE PASSAGE,47
18,1210,ORNEX,1
939,34160,SAINT-DREZERY,34
2184,74250,LA TOUR,74
892,34470,PEROLS,34
2966,92340,BOURG-LA-REINE,92
2962,92190,MEUDON,92
1434,49460,MONTREUIL-JUIGNE,49
959,34810,POMEROLS,34
2713,85460,AIGUILLON-SUR-MER (L ),85
2807,89100,ST CLEMENT,89
621,20169,BONIFACIO,2A
1508,53810,CHANGE,53
849,33240,SAINT-ANDRE-DE-CUBZAC,33
1644,59160,LILLE,59
2144,74160,SAINT-JULIEN-EN-GENEVOIS,74
1495,51500,SILLERY,51
2935,91400,GOMETZ-LA-VILLE,91
1341,44750,CAMPBON,44
354,13127,VITROLLES,13
1878,65120,LUZ-SAINT-SAUVEUR,65
705,30320,MARGUERITTES,30
2226,76370,DIEPPE,76
1203,41000,VILLEBAROU,41
739,31150,FENOUILLET,31
2621,83470,ST MAXIMIN LA STE BAUME,83
2066,72230,RUAUDIN,72
1520,54850,MEREVILLE,54
2441,78870,BAILLY,78
1742,60440,NANTEUIL LE HAUDOUIN,60
2773,88230,FRAIZE,88
2882,91220,LE PLESSIS PATE,91
2158,74120,PRAZ SUR ARLY,74
1990,69260,CHARBONNIERES-LES-BAINS,69
2900,91150,MORIGNY-CHAMPIGNY,91
1433,49080,BOUCHEMAINE,49
1876,65120,ESQUIEZE-SERE,65
2532,79340,LES FORGES,79
1820,63500,ISSOIRE,63
1857,64130,MAULEON LICHARRE,64
161,6500,SAINTE-AGNES,6
2324,77840,CROUY-SUR-OURCQ,77
2654,83870,SIGNES,83
2695,84330,BARROUX (LE),84
2347,77230,LONGPERRIER,77
1963,69420,AMPUIS,69
1044,37390,NOTRE-DAME-D OE,37
2008,69240,THIZY LES BOURGS,69
1941,69680,CHASSIEU,69
1684,59490,SOMAIN,59
751,31340,VILLEMUR SUR TARN,31
2397,77410,MESSY,77
2892,91690,SACLAS,91
1528,54510,TOMBLAINE,54
1124,38590,SAINT-ETIENNE-DE-SAINT-GEOIRS,38
807,33410,CADILLAC,33
2963,92410,VILLE-D'AVRAY,92
934,34725,SAINT-ANDRE-DE-SANGONIS,34
1509,53300,ST FRAIMBAULT DE PRIERES,53
544,26600,TAIN L HERMITAGE,26
491,25300,PONTARLIER,25
2515,78940,QUEUE-LES-YVELINES (LA),78
1033,36400,LA CHATRE,36
2539,80080,AMIENS,80
1513,54500,VANDOEUVRE LES NANCY,54
2039,70000,NOIDANS-LES-VESOUL,70
1801,62152,NEUFCHATEL-HARDELOT,62
1257,42120,PERREUX,42
47,1090,MONTCEAUX,1
176,6390,CONTES,6
2284,77550,MOISSY-CRAMAYEL,77
1101,38170,SEYSSINET-PARISET,38
1316,44210,PORNIC,44
1169,40560,VIELLE-ST-GIRONS,40
16,1130,LE POIZAT-LALLEYRIAT,1
1409,47150,MONFLANQUIN,47
830,33370,FARGUES SAINT HILAIRE,33
1113,38250,LANS-EN-VERCORS,38
106,4220,SAINTE-TULLE,4
1363,45160,SAINT-HILAIRE-SAINT-MESMIN,45
669,30600,VAUVERT,30
1916,69730,GENAY,69
811,33140,CADAUJAC,33
2631,83200,LE REVEST LES EAUX,83
1790,62660,BEUVRY,62
114,5200,EMBRUN,5
882,33340,LESPARRE-MEDOC,33
2214,76380,CANTELEU,76
70,2200,BELLEU,2
988,35410,CHATEAUGIRON,35
986,35360,MONTAUBAN-DE-BRETAGNE,35
2293,77111,SOIGNOLLES-EN-BRIE,77
2200,76240,MESNIL-ESNARD (LE),76
1455,50610,JULLOUVILLE,50
1276,43240,SAINT JUST MALMONT,43
1253,42590,NEULISE,42
2599,83440,SEILLANS,83
2444,78780,MAURECOURT,78
396,17111,LOIX,17
1517,54220,MALZEVILLE,54
58,2410,SAINT GOBAIN,2
2924,91470,FORGES-LES-BAINS,91
1242,42110,FEURS,42
533,26110,NYONS,26
1571,55430,BELLEVILLE SUR MEUSE,55
2479,78520,LIMAY,78
1003,35580,GOVEN,35
2567,82290,LA VILLE DIEU DU TEMPLE,82
2716,85470,BRETIGNOLLES-SUR-MER,85
2586,83520,ROQUEBRUNE-SUR-ARGENS,83
1041,37550,SAINT AVERTIN,37
1775,61140,BAGNOLES DE L'ORNE NORMANDIE,61
2712,85400,LUCON,85
975,35520,LA CHAPELLE DES FOUGERETZ,35
74,3400,YZEURE,3
2893,91490,MILLY-LA-FORET,91
1538,54730,GORCY,54
862,33500,LIBOURNE,33
1240,42170,SAINT-JUST-SAINT-RAMBERT,42
3180,97354,REMIRE MONTJOLY,973
623,20137,LECCI,2A
2569,82500,BEAUMONT DE LOMAGNE,82
308,11200,LEZIGNAN-CORBIERES,11
103,4180,VILLENEUVE,4
1940,69190,ST FONS,69
2927,91620,NOZAY,91
2079,72200,CLERMONT CREANS,72
2664,84310,MORIERES LES AVIGNON,84
3107,95350,SAINT-BRICE-SOUS-FORET,95
683,30190,LA CALMETTE,30
2793,88120,VAGNEY,88
1715,60250,MOUY,60
1781,62217,BEAURAINS,62
1029,35220,CHATEAUBOURG,35
927,34670,SAINT-BRES,34
1989,69760,LIMONEST,69
1126,38430,SAINT-JEAN-DE-MOIRANS,38
1802,62280,ST MARTIN BOULOGNE,62
759,31660,BESSIERES,31
252,7500,GUILHERAND-GRANGES,7
728,30140,ANDUZE,30
2730,85330,NOIRMOUTIER-EN-L'ILE,85
2597,83170,BRIGNOLES,83
1603,56470,LA TRINITE SUR MER,56
2004,69590,SAINT SYMPHORIEN SUR COISE,69
895,34170,CASTELNAU LE LEZ,34
2206,76320,CAUDEBEC-LES-ELBEUF,76
2591,83240,CAVALAIRE-SUR-MER,83
2611,83560,RIANS,83
1960,69520,GRIGNY,69
384,16800,SOYAUX,16
3092,95650,BOISSY-L'AILLERIE,95
1352,44350,SAINT MOLF,44
1762,60500,VINEUIL ST FIRMIN,60
3186,97400,SAINT DENIS,974
279,10800,SAINT JULIEN LES VILLAS,10
259,8600,GIVET,8
401,17139,DOMPIERRE-SUR-MER,17
1429,49140,RIVES-DU-LOIR-EN-ANJOU,49
2254,77170,SERVON,77
410,17110,SAINT-GEORGES-DE-DIDONNE,17
2303,77240,SEINE-PORT,77
983,35250,SAINT-AUBIN-D AUBIGNE,35
1748,60800,CREPY EN VALOIS,60
374,14910,BLONVILLE-SUR-MER,14
1006,35330,LA CHAPELLE BOUEXIC,35
2812,89260,THORIGNY-SUR-OREUSE,89
1951,69780,TOUSSIEU,69
2521,78610,PERRAY-EN-YVELINES (LE),78
1575,56000,VANNES,56
1202,41260,LA CHAUSSEE SAINT VICTOR,41
1590,56670,RIANTEC,56
1446,50000,SAINT-LO,50
1543,54310,HOMECOURT,54
2907,91150,BRIERES-LES-SCELLES,91
1456,50170,PONTORSON,50
2619,83131,MONTFERRAT,83
946,34410,SERIGNAN,34
221,6620,LE BAR-SUR-LOUP,6
1646,59133,PHALEMPIN,59
1696,59125,TRITH-ST-LEGER,59
1942,69500,BRON,69
1944,69740,GENAS,69
893,34920,LE CRES,34
2308,77390,CHAMPDEUIL,77
2306,77940,VOULX,77
1559,54122,VATHIMENIL,54
1155,39170,RAVILLOLES,39
1531,54550,PONT-SAINT-VINCENT,54
1313,44330,CHAPELLE-HEULIN (LA),44
555,27950,ST MARCEL,27
712,30800,ST GILLES,30
1849,64800,NAY,64
1,1170,CHEVRY,1
1542,54650,SAULNES,54
270,9250,LUZENAC,9
382,16000,ANGOULEME,16
132,5500,SAINT-BONNET-EN-CHAMPSAUR,5
2600,83510,LORGUES,83
9,1170,GEX,1
952,34450,VIAS,34
50,1480,BEAUREGARD,1
241,7200,LABEGUDE,7
1998,69690,COURZIEU,69
1754,60320,BETHISY ST MARTIN,60
1682,59552,LAMBRES LEZ DOUAI,59
1544,54640,TUCQUEGNIEUX,54
2189,74700,CORDON,74
937,34400,ENTRE-VIGNES,34
3166,97222,CASE PILOTE,972
1668,59223,RONCQ,59
2700,84830,SERIGNAN-DU-COMTAT,84
1190,40370,RION-DES-LANDES,40
2106,73000,BASSENS,73
154,6430,TENDE,6
2867,91700,FLEURY-MEROGIS,91
2738,86240,FONTAINE-LE-COMTE,86
913,34770,GIGEAN,34
1235,42140,CHAZELLES SUR LYON,42
2906,91650,BREUILLET,91
1178,40500,MONTGAILLARD,40
2120,74240,GAILLARD,74
1981,69126,BRINDAS,69
505,25240,MOUTHE,25
1854,64600,ANGLET,64
1911,69650,QUINCIEUX,69
685,30220,SAINT-LAURENT-D AIGOUZE,30
2530,79180,CHAURAY,79
3054,94520,MANDRES-LES-ROSES,94
828,33240,SAINT GERVAIS,33
3090,95300,ENNERY,95
2874,91770,SAINT-VRAIN,91
2296,77250,MORET-LOING-ET-ORVANNE,77
1226,42410,CHAVANAY,42
528,26700,PIERRELATTE,26
2707,85620,ROCHESERVIERE,85
2273,77390,GUIGNES,77
191,6440,LUCERAM,6
1468,50190,PERIERS,50
1268,43700,BRIVES-CHARENSAC,43
1947,69320,FEYZIN,69
1961,69700,GIVORS,69
2840,91710,VERT LE PETIT,91
168,6340,DRAP,6
2726,85150,VAIRE,85
2398,77230,THIEUX,77
1016,35120,DOL DE BRETAGNE,35
2656,83610,COLLOBRIERES,83
1333,44360,SAINT-ETIENNE-DE-MONTLUC,44
1159,40230,TOSSE,40
420,18200,SAINT-AMAND-MONTROND,18
1146,39800,POLIGNY,39
2741,86270,LA ROCHE POSAY,86
2129,74290,VEYRIER-DU-LAC,74
1369,45560,SAINT-DENIS-EN-VAL,45
1634,59118,WAMBRECHIES,59
1188,40380,POYANNE,40
177,6320,LA TURBIE,6
2180,74120,DEMI-QUARTIER,74
14,1170,SEGNY,1
1096,38650,GRESSE-EN-VERCORS,38
2652,83210,SOLLIES-TOUCAS,83
1087,38380,SAINT-PIERRE-DE-CHARTREUSE,38
248,7000,ST JULIEN EN ST ALBAN,7
2011,69380,ALIX,69
2111,73410,ENTRELACS,73
223,6620,GREOLIERES,6
610,29400,LANDIVISIAU,29
502,25370,METABIEF,25
1208,42530,SAINT GENEST LERPT,42
164,6470,PEONE,6
938,34800,NEBIAN,34
843,33114,LE BARP,33
2477,78550,HOUDAN,78
1186,40390,ST-MARTIN-DE-HINX,40
768,31320,AUZEVILLE-TOLOSANE,31
853,33380,MARCHEPRIME,33
1710,60290,RANTIGNY,60
1550,54260,LONGUYON,54
1758,60800,LEVIGNEN,60
452,22130,PLANCOET,22
2846,91750,CHAMPCUEIL,91
1946,69360,SEREZIN-DU-RHONE,69
1785,62690,SAVY-BERLETTE,62
274,9100,PAMIERS,9
1263,43620,SAINT-PAL-DE-MONS,43
2160,74950,SCIONZIER,74
1817,63140,CHATELGUYON,63
2380,77230,NANTOUILLET,77
748,31770,COLOMIERS,31
1487,51700,MAREUIL-LE-PORT,51
181,6830,GILETTE,6
2677,84120,PERTUIS,84
2279,77000,ROCHETTE(LA),77
961,35230,BOURGBARRE,35
2461,78410,BOUAFLE,78
842,33720,BARSAC,33
2556,80250,AILLY-SUR-NOYE,80
405,17300,ROCHEFORT,17
1471,50270,BARNEVILLE-CARTERET,50
1397,47390,LAYRAC,47
599,29930,PONT-AVEN,29
3102,95270,BELLOY-EN-FRANCE,95
66,2600,LARGNY SUR AUTOMNE,2
1128,38470,VINAY,38
1004,35600,REDON,35
592,28380,ST REMY SUR AVRE,28
0,1370,SAINT-ETIENNE-DU-BOIS,1
1085,38500,LA BUISSE,38
2017,69480,ANSE,69
234,7140,GRAVIERES,7
2012,69400,ARNAS,69
2653,83660,CARNOULES,83
1971,69700,MONTAGNY,69
909,34980,SAINT-GELY-DU-FESC,34
2095,73230,BARBY,73
1760,60320,BETHISY ST PIERRE,60
1187,40170,BIAS,40
376,14800,TOUQUES,14
2231,76700,HARFLEUR,76
1330,44570,TRIGNAC,44
1450,50300,AVRANCHES,50
993,35150,JANZE,35
734,31140,FONBEAUZARD,31
1862,64240,HASPARREN,64
960,35740,PACE,35
2282,77310,PRINGY,77
193,6790,ASPREMONT,6
989,35650,LE RHEU,35
1000,35230,SAINT-ARMEL,35
1753,60340,ST LEU D ESSERENT,60
1676,59126,LINSELLES,59
171,6710,VILLARS-SUR-VAR,6
1863,64220,UHART-CIZE,64
1888,66100,PERPIGNAN,66
2073,72120,SAINT CALAIS,72
561,27170,BEAUMONT LE ROGER,27
821,33550,PAILLET,33
93,4200,PEIPIN,4
2533,79300,BRESSUIRE,79
1121,38280,ANTHON,38
2291,77720,BOMBON,77
956,34240,LAMALOU-LES-BAINS,34
1015,35730,PLEURTUIT,35
2333,77174,VILLENEUVE-SAINT-DENIS,77
1012,35720,PLEUGUENEUC,35
521,26290,DONZERE,26
542,26600,PONT DE L ISERE,26
1414,48100,MARVEJOLS,48
255,7340,FELINES,7
3096,95780,LA ROCHE-GUYON,95
1950,69360,SAINT-SYMPHORIEN-D'OZON,69
1199,41330,MAROLLES,41
1381,45310,PATAY,45
1845,64260,REBENACQ,64
2704,85600,MONTAIGU-VENDEE,85
575,28130,CHARTAINVILLIERS,28
2782,88420,MOYENMOUTIER,88
2478,78440,FONTENAY-SAINT-PERE,78
1594,56400,BRECH,56
498,25290,ORNANS,25
67,2880,NANTEUIL LA FOSSE,2
918,34670,BAILLARGUES,34
2686,84240,LA BASTIDE DES JOURDANS,84
1621,58160,IMPHY,58
446,22650,BEAUSSAIS-SUR-MER,22
2470,78410,NEZEL,78
1307,44860,PONT-SAINT-MARTIN,44
1580,56680,GAVRES,56
984,35310,BREAL-SOUS-MONTFORT,35
2880,91340,OLLAINVILLE,91
2247,76490,RIVES-EN-SEINE,76
1645,59136,WAVRIN,59
2811,89100,MALAY LE GRAND,89
1737,60460,PRECY SUR OISE,60
1796,62410,WINGLES,62
1319,44680,SAINTE PAZANNE,44
2872,91630,CHEPTAINVILLE,91
581,28190,COURVILLE SUR EURE,28
1233,42680,SAINT-MARCELLIN-EN-FOREZ,42
687,30470,AIMARGUES,30
602,29290,SAINT RENAN,29
2858,91160,BALLAINVILLIERS,91
1561,54360,MONT-SUR-MEURTHE,54
310,11120,MOUSSAN,11
530,26120,MONTELIER,26
1521,54425,PULNOY,54
337,13830,ROQUEFORT LA BEDOULE,13
536,26200,ANCONE,26
1374,45240,LA FERTE SAINT-AUBIN,45
996,35160,MONTFORT-SUR-MEU,35
589,28210,CHAUDON,28
1017,35800,SAINT-BRIAC-SUR-MER,35
1729,60880,LE MEUX,60
991,35410,NOUVOITOU,35
500,25800,VALDAHON,25
2898,91590,FERTE-ALAIS (LA),91
604,29800,LANDERNEAU,29
394,17440,AYTRE,17
2462,78570,CHANTELOUP-LES-VIGNES,78
2005,69510,THURINS,69
1047,37510,BALLAN MIRE,37
1767,60440,PEROY LES GOMBRIES,60
489,25870,LES AUXONS,25
357,13630,EYRAGUES,13
1991,69210,SAIN-BEL,69
1062,38330,SAINT-NAZAIRE-LES-EYMES,38
1425,49130,STE GEMMES SUR LOIRE,49
2480,78440,ISSOU,78
906,34190,GANGES,34
3095,95760,VALMONDOIS,95
1119,38080,L'ISLE-D'ABEAU,38
2287,77690,MONTIGNY-SUR-LOING,77
2440,78450,CHAVENAY,78
1322,44640,PELLERIN (LE),44
1840,64110,RONTIGNON,64
1537,54750,TRIEUX,54
182,6450,ROQUEBILLIERE,6
210,6150,CANNES,6
156,6500,CASTELLAR,6
2371,77124,CREGY-LES-MEAUX,77
1663,59320,HALLENNES-LEZ-HAUBOURDIN,59
1494,51500,CHIGNY-LES-ROSES,51
428,19360,MALEMORT,19
1137,39300,CHAMPAGNOLE,39
2902,91510,LARDY,91
2983,93000,BOBIGNY,93
460,22300,LANNION,22
1039,37700,SAINT-PIERRE-DES-CORPS,37
416,18400,SAINT-FLORENT-SUR-CHER,18
3188,97460,SAINT-PAUL,974
1283,44610,INDRE,44
2548,80130,FRIVILLE-ESCARBOTIN,80
1243,42610,SAINT-ROMAIN-LE-PUY,42
1027,35130,LA GUERCHE-DE-BRETAGNE,35
1122,38230,PONT-DE-CHERUY,38
2074,72220,SAINT MARS D OUTILLE,72
844,33530,BASSENS,33
1905,69250,ALBIGNY-SUR-SAONE,69
1048,37170,CHAMBRAY LES TOURS,37
2439,78860,SAINT-NOM-LA-BRETECHE,78
1467,50770,PIROU,50
1474,50700,VALOGNES,50
2277,77166,GRISY-SUISNES,77
333,13390,AURIOL,13
56,2800,LA FERE,2
1745,60700,FLEURINES,60
1805,62200,BOULOGNE SUR MER,62
1606,56410,ETEL,56
72,2130,FERE EN TARDENOIS,2
1786,62118,BIACHE-SAINT-VAAST,62
2243,76210,BOLBEC,76
467,23000,GUERET,23
466,23300,LA SOUTERRAINE,23
1334,44260,SAVENAY,44
977,35690,ACIGNE,35
1469,50430,LESSAY,50
577,28320,GAS,28
1546,54430,REHON,54
1525,54136,BOUXIERES-AUX-DAMES,54
1900,66600,RIVESALTES,66
2762,88140,CONTREXEVILLE,88
377,14910,BENERVILLE-SUR-MER,14
3125,95500,BONNEUIL-EN-FRANCE,95
481,25870,GENEUILLE,25
2899,91590,CERNY,91
1213,42150,LA RICAMARIE,42
105,4290,VOLONNE,4
2609,83590,GONFARON,83
707,30650,ROCHEFORT-DU-GARD,30
752,31840,AUSSONNE,31
1112,38142,AURIS,38
2552,80460,WOIGNARUE,80
586,28210,LORMAYE,28
1818,63230,PONTGIBAUD,63
2797,88550,POUXEUX,88
2516,78125,GAZERAN,78
2826,91830,COUDRAY-MONTCEAUX (LE),91
2067,72700,ALLONNES,72
1130,38140,BEAUCROISSANT,38
3124,95270,VIARMES,95
2833,91450,SOISY-SUR-SEINE,91
2736,86360,CHASSENEUIL-DU-POITOU,86
2646,83390,PUGET-VILLE,83
1491,51160,AY-CHAMPAGNE,51
391,17140,LAGORD,17
2649,83390,PIERREFEU-DU-VAR,83
25,1710,THOIRY,1
525,26800,BEAUVALLON,26
839,33440,AMBARES-ET-LAGRAVE,33
153,6540,SAORGE,6
1323,44560,PAIMBOEUF,44
1026,35113,DOMAGNE,35
412,17120,BARZAN,17
1798,62750,LOOS EN GOHELLE,62
2185,74440,MIEUSSY,74
1373,45160,ARDON,45
336,13119,SAINT SAVOURNIN,13
1664,59510,HEM,59
2191,74130,CONTAMINE-SUR-ARVE,74
2670,84810,AUBIGNAN,84
619,20100,SARTENE,2A
2680,84250,LE THOR,84
1168,40460,SANGUINET,40
1485,51530,CRAMANT,51
1184,40300,ORIST,40
881,33123,LE VERDON SUR MER,33
930,34725,SAINT-FELIX-DE-LODEZ,34
1769,60950,VER SUR LAUNETTE,60
2733,85630,BARBATRE,85
2903,91590,D   HUISON LONGUEVILLE,91
1451,50600,GRANDPARIGNY,50
1856,64500,SAINT-JEAN-DE-LUZ,64
1042,37230,FONDETTES,37
2149,74330,EPAGNY METZ-TESSY,74
758,31700,BEAUZELLE,31
254,7370,SARRAS,7
441,22190,PLERIN,22
847,33450,MONTUSSAN,33
1470,50250,LA HAYE,50
1807,62600,BERCK,62
1308,44119,GRANDCHAMP-DES-FONTAINES,44
2298,77123,NOISY-SUR-ECOLE,77
183,6670,COLOMARS,6
2772,88000,JEUXEY,88
1564,54200,PIERRE-LA-TREICHE,54
1193,40500,SAINT-SEVER,40
2003,69370,SAINT-DIDIER-AU-MONT-D OR,69
1392,45600,SULLY-SUR-LOIRE,45
2920,91640,BRIIS-SOUS-FORGES,91
1724,60280,VENETTE,60
1192,40200,AUREILHAN,40
2179,74660,VALLORCINE,74
501,25300,LA CLUSE ET MIJOUX,25
3002,93470,COUBRON,93
955,34310,MONTADY,34
2541,80450,CAMON,80
360,13690,GRAVESON,13
312,12000,LE MONASTERE,12
1830,64450,MIOSSENS LANUSSE,64
2336,77120,BEAUTHEIL-SAINTS,77
2534,79270,FRONTENAY-ROHAN-ROHAN,79
3185,97417,SAINT DENIS,974
613,29630,PLOUGASNOU,29
1502,52800,NOGENT,52
671,30540,MILHAUD,30
2781,88580,SAULCY-SUR-MEURTHE,88
794,33290,BLANQUEFORT,33
1904,66160,LE BOULOU,66
1426,49125,CHEFFES,49
2884,91630,MAROLLES-EN-HUREPOIX,91
925,34400,SAINT-SERIES,34
2747,87500,ST YRIEIX LA PERCHE,87
344,13380,PLAN DE CUQUES,13
1659,59113,SECLIN,59
285,10150,PONTSAINTE MARIE,10
257,7430,DAVEZIEUX,7
1477,51470,SAINT-MEMMIE,51
1066,38320,POISAT,38
272,9500,MIREPOIX,9
863,33350,CASTILLON-LA-BATAILLE,33
1311,44370,LOIREAUXENCE,44
1115,38110,SAINT-CLAIR-DE-LA-TOUR,38
2768,88390,GIRANCOURT,88
1120,38290,LA VERPILLIERE,38
1177,40440,ONDRES,40
206,6550,LA ROQUETTE SUR SIAGNE,6
1510,53100,MAYENNE,53
1086,38220,NOTRE-DAME-DE-MESAGE,38
1046,37390,LA MEMBROLLE-SUR-CHOISILLE,37
3083,95830,CORMEILLES-EN-VEXIN,95
2181,74800,CORNIER,74
1708,60730,STE GENEVIEVE,60
2883,91630,LEUDEVILLE,91
2857,91160,SAULX-LES-CHARTREUX,91
1539,54860,HAUCOURT-MOULAINE,54
1376,45740,LAILLY EN VAL,45
998,35630,HEDE-BAZOUGES,35
954,34720,CAUX,34
1529,54630,RICHARDMENIL,54
1225,42290,SORBIERS,42
540,26540,MOURS-SAINT-EUSEBE,26
1771,60530,LE MESNIL EN THELLE,60
1567,54200,DOMMARTIN-LES-TOUL,54
1053,37160,DESCARTES,37
997,35590,L'HERMITAGE,35
2283,77111,SOLERS,77
2197,76800,SAINT-ETIENNE-DU-ROUVRAY,76
852,33550,LE TOURNE,33
514,26210,MORAS-EN-VALLOIRE,26
1831,64110,JURANCON,64
1191,40400,TARTAS,40
2162,74300,THYEZ,74
40,1360,LOYETTES,1
2252,76760,YERVILLE,76
35,1260,CHAMPAGNE-EN-VALROMEY,1
2193,74460,MARNAZ,74
2204,76650,PETIT-COURONNE (LE),76
2471,78410,FLINS-SUR-SEINE,78
2187,74440,VERCHAIX,74
2109,73230,SAINT-JEAN-D ARVEY,73
1052,37600,LOCHES,37
1570,54470,THIAUCOURT-REGNIEVILLE,54
1974,69390,VOURLES,69
3059,94440,MAROLLES-EN-BRIE,94
1712,60140,LIANCOURT,60
2390,77450,TRILBARDOU,77
1883,66700,ARGELES SUR MER,66
1792,62160,AIX NOULETTE,62
2300,77166,EVRY-GREGY-SUR-YERRE,77
2576,82170,GRISOLLES,82
2504,78770,THOIRY,78
1051,37140,BOURGUEIL,37
1604,56410,ERDEVEN,56
1797,62300,LENS,62
3119,95470,FOSSES,95
1030,35240,RETIERS,35
89,4400,FAUCON-DE-BARCELONNETTE,4
2545,80410,CAYEUX-SUR-MER,80
1442,49590,FONTEVRAUD L ABBAYE,49
421,18700,AUBIGNY-SUR-NERE,18
147,6950,FALICON,6
2029,69380,CHESSY,69
2142,74330,POISY,74
2174,74190,PASSY,74
1436,49120,CHEMILLE-EN-ANJOU,49
220,6610,LA GAUDE,6
1547,54580,AUBOUE,54
1680,59190,HAZEBROUCK,59
1679,59270,BAILLEUL,59
511,25200,MONTBELIARD,25
21,1110,BRENOD,1
1443,49630,MAZE-MILON,49
1194,40160,PARENTIS EN BORN,40
1437,49340,TREMENTINES,49
2113,73100,TRESSERVE,73
1716,60360,CREVECOEUR LE GRAND,60
2531,79400,ST MAIXENT L ECOLE,79
1265,43300,LANGEAC,43
1261,43600,SAINTE-SIGOLENE,43
587,28210,NOGENT-LE-ROI,28
611,29660,CARANTEC,29
549,27250,RUGLES,27
2749,87250,BESSINES-SUR-GARTEMPE,87
1552,54590,HUSSIGNY GODBRANGE,54
362,13160,CHATEAURENARD,13
2815,90300,OFFEMONT,90
2582,83990,SAINT TROPEZ,83
85,4850,JAUSIERS,4
2105,73210,AIME LA PLAGNE,73
1693,59230,SAINT-AMAND-LES-EAUX,59
214,6590,THEOULE-SUR-MER,6
30,1580,IZERNORE,1
2681,84240,LA TOUR D AIGUES,84
776,32150,CAZAUBON,32
2115,73290,LA MOTTE SERVOLEX,73
1228,42320,FARNAY,42
1921,69270,CAILLOUX-SUR-FONTAINES,69
2573,82600,VERDUN-SUR-GARONNE,82
1211,42740,SAINT-PAUL-EN-JAREZ,42
1549,54880,THIL,54
1992,69210,LENTILLY,69
1303,44690,MAISDON-SUR-SEVRE,44
2319,77860,QUINCY-VOISINS,77
309,11110,SALLES D AUDE,11
2671,84320,ENTRAIGUES-SUR-LA-SORGUE,84
260,8090,SAINT-LAURENT,8
2734,85550,BARRE-DE-MONTS (LA),85
418,18570,MORTHOMIERS,18
187,6390,BERRE-LES-ALPES,6
2780,88100,SAINTE-MARGUERITE,88
875,33490,SAINT-MACAIRE,33
1274,43200,YSSINGEAUX,43
1860,64200,BASSUSSARRY,64
92,4800,SAINT-MARTIN-DE-BROMES,4
303,11110,VINASSAN,11
1713,60600,FITZ JAMES,60
2474,78200,BUCHELAY,78
2112,73420,VOGLANS,73
2192,74130,GLIERES-VAL-DE-BORNE,74
2140,74380,LUCINGES,74
2510,78730,SAINT-ARNOULT-EN-YVELINES,78
2328,77860,COUILLY-PONT-AUX-DAMES,77
32,1210,VERSONNEX,1
1836,64230,SAUVAGNON,64
1259,42370,SAINT-HAON-LE-CHATEL,42
2466,78740,VAUX-SUR-SEINE,78
2543,80120,FORT-MAHON-PLAGE,80
857,33650,LA BREDE,33
2022,69550,AMPLEPUIS,69
578,28700,AUNEAU-BLEURY-SAINT-SYMPHORIEN,28
419,18500,ALLOUIS,18
1348,44420,MESQUER,44
2572,82290,MONTBETON,82
2165,74490,ONNION,74
567,28230,EPERNON,28
850,33360,CARIGNAN-DE-BORDEAUX,33
1020,35780,LA RICHARDAIS,35
2314,77590,BOIS LE ROI,77
3088,95660,CHAMPAGNE SUR-OISE,95
434,22170,CHATELAUDREN-PLOUAGAT,22
462,22660,TREVOU-TREGUIGNEC,22
2737,86550,MIGNALOUX-BEAUVOIR,86
292,11150,PEXIORA,11
1784,62580,NEUVILLE-ST-VAAST,62
24,1500,SAINT-DENIS-EN-BUGEY,1
2034,70300,SAINT-SAUVEUR,70
363,14000,CAEN,14
2558,80200,PERONNE,80
2483,78200,PERDREAUVILLE,78
539,26600,LA ROCHE DE GLUN,26
5,1350,CULOZ,1
1948,69720,SAINT-LAURENT-DE-MURE,69
523,26220,DIEULEFIT,26
1459,50110,CHERBOURG-EN-COTENTIN,50
2672,84330,CAROMB,84
1239,42210,MONTROND-LES-BAINS,42
2674,84530,VILLELAURE,84
3194,97424,SAINT-LEU,974
287,10420,LES NOES PRES TROYES,10
2309,77460,SOUPPES-SUR-LOING,77
1969,69560,SAINT ROMAIN EN GAL,69
891,34990,JUVIGNAC,34
2033,70200,LURE,70
1133,38140,IZEAUX,38
1025,35430,SAINT-JOUAN-DES-GUERETS,35
3128,95270,ASNIERES-SUR-OISE,95
2803,89420,MONTREAL,89
1439,49600,BEAUPREAU-EN-MAUGES,49
2610,83460,LES ARCS,83
1586,56530,GESTEL,56
2040,70000,NAVENNE,70
1832,64320,IDRON,64
2046,71700,TOURNUS,71
1117,38090,VILLEFONTAINE,38
1246,42920,CHALMAZEL-JEANSAGNIERE,42
1665,59235,BERSEE,59
1959,69440,TALUYERS,69
383,16600,RUELLE-SUR-TOUVRE,16
2116,73710,PRALOGNAN-LA-VANOISE,73
1290,44115,BASSE-GOULAINE,44
1545,54350,MONT SAINT MARTIN,54
1560,54360,DAMELEVIERES,54
1677,59890,QUESNOY SUR DEULE,59
1967,69390,VERNAISON,69
1275,43590,BEAUZAC,43
2396,77910,CHAMBRY,77
774,32000,AUCH,32
2442,78810,FEUCHEROLLES,78
1988,69290,GREZIEU-LA-VARENNE,69
667,30420,CALVISSON,30
836,33360,LATRESNE,33
2800,89700,TONNERRE,89
2146,74230,THONES,74
356,13180,GIGNAC-LA-NERTHE,13
436,22440,PLOUFRAGAN,22
865,33220,PINEUILH,33
2078,72800,AUBIGNE RACAN,72
2563,81200,MAZAMET,81
2913,91730,CHAMARANDE,91
404,17690,ANGOULINS,17
1499,51420,WITRY-LES-REIMS,51
273,9300,LAVELANET,9
2497,78720,CERNAY-LA-VILLE,78
1656,59780,WILLEMS,59
3152,95580,ANDILLY,95
1985,69210,L ARBRESLE,69
2564,81370,SAINT-SULPICE-LA-POINTE,81
598,29900,CONCARNEAU,29
3071,95590,NOINTEL,95
692,30260,QUISSAC,30
1064,38330,SAINT-ISMIER,38
1299,44690,HAIE-FOUASSIERE (LA),44
1890,66440,TORREILLES,66
2490,78930,GUERVILLE,78
256,7300,SAINT-JEAN-DE-MUZOLS,7
3193,97410,SAINT PIERRE,974
1309,44430,LOROUX-BOTTEREAU (LE),44
2169,74310,SERVOZ,74
1795,62640,MONTIGNY EN GOHELLE,62
485,25220,ROCHE LEZ BEAUPRE,25
23,1130,NANTUA,1
3093,95640,MARINES,95
928,34230,PLAISSAN,34
2301,77390,CHAUMES-EN-BRIE,77
1045,37210,ROCHECORBON,37
976,35131,PONT-PEAN,35
531,26250,LIVRON SUR DROME,26
381,14600,RIVIERE-SAINT-SAUVEUR (LA),14
2601,83670,BARJOLS,83
1267,43140,SAINT-DIDIER-EN-VELAY,43
2512,78490,MESNULS (LES),78
2094,73490,LA RAVOIRE,73
1273,43100,BRIOUDE,43
763,31670,LABEGE,31
966,35230,NOYAL-CHATILLON-SUR-SEICHE,35
1843,64800,LESTELLE BETHARRAM,64
591,28170,CHATEAUNEUF EN THYMERAIS,28
1031,35450,VAL-D'IZE,35
1756,60160,THIVERNY,60
265,8140,BAZEILLES,8
1473,50270,BAUBIGNY,50
1877,65600,SEMEAC,65
461,22220,TREGUIER,22
1736,60530,DIEUDONNE,60
1675,59910,BONDUES,59
432,22430,ERQUY,22
1256,42510,BALBIGNY,42
2540,80800,CORBIE,80
1548,54810,LONGLAVILLE,54
1610,56330,PLUVIGNER,56
78,4500,RIEZ,4
1861,64500,CIBOURE,64
1070,38420,DOMENE,38
2104,73100,MOUXY,73
2723,85520,JARD-SUR-MER,85
755,31880,LA SALVETAT ST GILLES,31
152,6430,LA BRIGUE,6
2791,88200,SAINT-NABORD,88
709,30210,REMOULINS,30
57,2000,URCEL,2
2489,78270,LIMETZ-VILLEZ,78
1555,54870,CONS-LA-GRANDVILLE,54
1522,54320,MAXEVILLE,54
2802,89290,VENOY,89
2469,78121,CRESPIERES,78
1829,64121,SERRES CASTET,64
1746,60550,VERNEUIL EN HALATTE,60
2961,75016,BOULOGNE-BILLANCOURT,92
612,29600,SAINT-MARTIN-DES-CHAMPS,29
2014,69400,GLEIZE,69
2209,76320,SAINT PIERRE LES ELBEUF,76
3183,97320,SAINT LAURENT DU MARONI,973
2729,85230,BEAUVOIR-SUR-MER,85
2524,78320,VERRIERE (LA),78
1614,56800,PLOERMEL,56
353,13220,CHATEAUNEUF-LES-MARTIGUES,13
1134,39220,LES ROUSSES,39
1424,49800,TRELAZE,49
1995,69210,BULLY,69
1266,43000,ESPALY-SAINT-MARCEL,43
1104,38114,VAUJANY,38
174,6660,SAINT-ETIENNE-DE-TINEE,6
2069,72250,PARIGNE L EVEQUE,72
269,9100,SAINT-JEAN-DU-FALGA,9
806,33610,CESTAS,33
2321,77260,LA FERTE SOUS JOUARRE,77
1362,45400,CHANTEAU,45
1189,40990,ST-VINCENT-DE-PAUL,40
474,24510,VAL DE LOUYRE ET CAUDEAU,24
173,6390,BENDEJUN,6
213,6580,PEGOMAS,6
1600,56510,SAINT-PIERRE-QUIBERON,56
940,34150,GIGNAC,34
2028,69480,LUCENAY,69
3089,95750,CHARS,95
225,6750,ANDON,6
2016,69220,CHARENTAY,69
493,25370,JOUGNE,25
427,19230,SAINT-SORNIN-LAVOLPS,19
1298,44850,MOUZEIL,44
179,6440,PEILLE,6
562,27300,BERNAY,27
125,5400,VEYNES,5
2215,76360,BARENTIN,76
2355,77910,VARREDDES,77
2382,77470,TRILPORT,77
1144,39220,BOIS-D AMONT,39
690,30920,CODOGNAN,30
1394,46000,CAHORS,46
1968,69560,SAINTE-COLOMBE,69
475,24230,LAMOTHE-MONTRAVEL,24
1982,69850,DUERNE,69
1734,60660,CIRES LES MELLO,60
522,26140,SAINT-RAMBERT-D ALBON,26
2326,77540,ROZAY-EN-BRIE,77
2910,91410,SAINT-CYR-SOUS-DOURDAN,91
766,31570,LANTA,31
1578,56680,PLOUHINEC,56
713,30210,CASTILLON-DU-GARD,30
1605,56400,LE BONO,56
1389,45300,PITHIVIERS,45
1657,59320,HAUBOURDIN,59
2023,69640,VILLE SUR JARNIOUX,69
1932,69780,SAINT-PIERRE-DE-CHANDIEU,69
399,17880,LES PORTES-EN-RE,17
670,30132,CAISSARGUES,30
487,25870,BONNAY,25
42,1630,SERGY,1
840,33880,ST CAPRAIS DE BORDEAUX,33
2615,83690,SALERNES,83
1751,60300,AVILLY ST LEONARD,60
545,26760,BEAUMONT LES VALENCE,26
1516,54140,JARVILLE LA MALGRANGE,54
1577,56880,PLOEREN,56
2312,77930,SAINT-SAUVEUR-SUR-ECOLE,77
1366,45400,SEMOY,45
3171,97212,SAINT JOSEPH,972
873,33870,VAYRES,33
2668,84270,VEDENE,84
2467,78250,MEZY-SUR-SEINE,78
702,30300,BEAUCAIRE,30
753,31270,CUGNAUX,31
2044,70100,ARC-LES-GRAY,70
1289,44310,ST-PHILBERT-DE-GRAND-LIEU,44
2796,88200,ST-ETIENNE-LES-REMIREMONT,88
306,11440,PEYRIAC DE MER,11
63,2200,COURMELLES,2
1310,44440,RIAILLE,44
2864,91550,PARAY-VIEILLE-POSTE,91
1766,60500,GOUVIEUX,60
217,6530,SAINT-CEZAIRE-SUR-SIAGNE,6
15,1150,LAGNIEU,1
1398,47240,LAFOX,47
1183,40700,HAGETMAU,40
1301,44120,VERTOU,44
2316,77510,REBAIS,77
2297,77920,SAMOIS SUR SEINE,77
2274,77590,CHARTRETTES,77
2386,77280,OTHIS,77
2164,74130,MONT-SAXONNEX,74
2110,73270,VILLARD SUR DORON,73
932,34190,CAZILHAC,34
1401,47450,COLAYRAC ST CIRQ,47
1088,38320,BRIE-ET-ANGONNES,38
180,6360,EZE,6
3172,97228,SAINTE LUCE,972
2305,77720,MORMANT,77
1232,42600,SAVIGNEUX,42
1789,62196,HESDIGNEUL-LES-BETHUNE,62
1725,60190,LACHELLE,60
1314,44760,LA BERNERIE EN RETZ,44
2775,88110,RAON L ETAPE,88
1461,50120,CHERBOURG-EN-COTENTIN,50
1207,42350,LA TALAUDIERE,42
1368,45770,SARAN,45
543,26600,MERCUROL-VEAUNES,26
2940,91400,SACLAY,91
2332,77320,FERTE-GAUCHER (LA),77
1324,44770,PREFAILLES,44
1649,59320,ENNETIERES-EN-WEPPES,59
2335,77169,SAINT-SIMEON,77
1569,54119,DOMGERMAIN,54
2405,77480,MOUSSEAUX-LES-BRAY,77
2537,80330,LONGUEAU,80
361,13430,EYGUIERES,13
1620,58640,VARENNES-VAUZELLES,58
1848,64440,LARUNS,64
556,27190,CONCHES EN OUCHE,27
264,8200,BALAN,8
1833,64190,NAVARRENX,64
2404,77134,ORMES-SUR-VOULZIE (LES),77
2392,77470,POINCY,77
920,34190,LAROQUE,34
1454,50370,BRECEY,50
36,1640,JUJURIEUX,1
1149,39290,OFFLANGES,39
2517,78310,COIGNIERES,78
2331,77450,CONDE-SAINTE-LIBIAIRE,77
1783,62223,SAINTE-CATHERINE,62
2877,91290,LA NORVILLE,91
2494,78910,ORVILLIERS,78
268,9000,FOIX,9
1568,54200,VILLEY-SAINT-ETIENNE,54
1592,56700,KERVIGNAC,56
1371,45140,BOULAY-LES-BARRES,45
773,31270,FROUZINS,31
695,30120,LE VIGAN,30
1823,63114,MONTPEYROUX,63
2555,80170,MEHARICOURT,80
2071,72500,MONTVAL-SUR-LOIR,72
572,28300,GASVILLE OISEME,28
1611,56400,PLUNERET,56
2939,91940,SAINT-JEAN-DE-BEAUREGARD,91
2037,70400,CHAGEY,70
2620,83690,TOURTOUR,83
2251,76450,SAINT MARTIN AUX BUNEAUX,76
1765,60660,CRAMOISY,60
1351,44420,PIRIAC-SUR-MER,44
929,34700,LODEVE,34
1221,42390,VILLARS,42
1387,45390,PUISEAUX,45
2529,79400,EXIREUIL,79
352,13820,ENSUES-LA-REDONNE,13
871,33220,SAINTE-FOY-LA-GRANDE,33
307,11100,BAGES,11
958,34420,PORTIRAGNES,34
1815,62510,ARQUES,62
3116,95560,MAFFLIERS,95
944,34210,CESSERAS,34
1092,38420,LE VERSOUD,38
1432,49170,SAINT-GEORGES-SUR-LOIRE,49
1321,44620,LA MONTAGNE,44
1613,56140,MALESTROIT,56
1405,47400,TONNEINS,47
3162,97233,SCHOELCHER,972
1329,44130,BLAIN,44
1320,44320,SAINT-PERE-EN-RETZ,44
53,1800,VILLIEU-LOYES-MOLLON,1
28,1410,LELEX,1
2307,77760,ACHERES-LA-FORET,77
1498,51170,FISMES,51
196,6340,CANTARON,6
2901,91590,GUIGNEVILLE,91
856,33550,LESTIAC-SUR-GARONNE,33
2518,78490,MONTFORT-L AMAURY,78
2083,72170,BEAUMONT SUR SARTHE,72
2918,91670,ANGERVILLE,91
1107,38800,LE PONT-DE-CLAIX,38
2322,77450,ESBLY,77
2603,83170,TOURVES,83
1819,63300,THIERS,63
1702,60430,NOAILLES,60
2684,84490,SAINT-SATURNIN LES APT,84
2381,77410,CHARMENTRAY,77
1881,65100,ADE,65
80,4160,CHATEAU-ARNOUX-SAINT-AUBAN,4
1527,54670,CUSTINES,54
1917,69250,FLEURIEU-SUR-SAONE,69
2665,84210,PERNES LES FONTAINES,84
2766,88270,PIERREFITTE,88
2727,85150,LES ACHARDS,85
1749,60560,ORRY LA VILLE,60
1464,50450,GAVRAY-SUR-SIENNE,50
1623,58300,DECIZE,58
1465,50560,GOUVILLE-SUR-MER,50
297,11510,FITOU,11
2188,74490,SAINT-JEOIRE,74
332,13112,LA DESTROUSSE,13
1924,69250,MONTANAY,69
2145,74220,LA CLUSAZ,74
1288,44240,SUCE-SUR-ERDRE,44
135,5230,LA BATIE NEUVE,5
1049,37400,AMBOISE,37
1554,54400,COSNES-ET-ROMAIN,54
2289,77390,ANDREZEL,77
2076,72430,NOYEN SUR SARTHE,72
2583,83380,ROQUEBRUNE-SUR-ARGENS,83
2025,69620,LEGNY,69
869,33230,COUTRAS,33
1463,50430,SAINT-GERMAIN-SUR-AY,50
872,33820,SAINT-CIERS-SUR-GIRONDE,33
2584,83420,LA CROIX VALMER,83
1386,45120,CEPOY,45
2616,83550,VIDAUBAN,83
3182,97351,MATOURY,973
470,24750,BOULAZAC ISLE MANOIRE,24
546,26130,MONTSEGUR-SUR-LAUZON,26
1154,39400,BELLEFONTAINE,39
1095,38920,CROLLES,38
936,34820,ASSAS,34
2897,91410,CORBREUSE,91
45,1330,VILLARS-LES-DOMBES,1
743,31240,ST JEAN,31
2310,77135,PONTCARRE,77
2696,84550,MORNAS,84
1652,59251,ALLENNES-LES-MARAIS,59
39,1100,ARBENT,1
537,26770,SAINT-PANTALEON-LES-VIGNES,26
1727,60880,JAUX,60
1812,62575,BLENDECQUES,62
1479,51300,BLACY,51
596,29100,DOUARNENEZ,29
606,29570,CAMARET-SUR-MER,29
790,33290,LUDON MEDOC,33
861,33420,GENISSAC,33
2148,74350,ALLONZIER-LA-CAILLE,74
1809,62780,CUCQ,62
2070,72230,MULSANNE,72
2375,77410,VILLEVAUDE,77
1090,38410,VAULNAVEYS-LE-BAS,38
158,6500,GORBIO,6
2589,83350,RAMATUELLE,83
2594,83600,BAGNOLS-EN-FORET,83
727,30110,LA GRAND COMBE,30
903,34140,BOUZIGUES,34
701,30127,BELLEGARDE,30
718,30650,SAZE,30
2492,78790,SAINT-MARTIN-DES-CHAMPS,78
2338,77640,JOUARRE,77
417,18500,MEHUN-SUR-YEVRE,18
769,31750,ESCALQUENS,31
2391,77400,GOUVERNES,77
218,6510,LE BROC,6
2739,86180,BUXEROLLES,86
1655,59710,AVELIN,59
2785,88310,VENTRON,88
1339,44460,SAINT-NICOLAS-DE-REDON,44
923,34160,BEAULIEU,34
1700,60590,TRIE CHATEAU,60
2463,78630,MORAINVILLIERS,78
2813,89690,CHEROY,89
486,25480,MISEREY SALINES,25
443,22120,HILLION,22
1747,60160,MONTATAIRE,60
721,30150,ROQUEMAURE,30
305,11200,BOUTENAC,11
478,24580,ROUFFIGNAC-ST-CERNIN-DE-REILHA,24
1602,56550,BELZ,56
455,22550,MATIGNON,22
1222,42420,LORETTE,42
2053,71300,MONTCEAU LES MINES,71
69,2600,COEUVRES ET VALSERY,2
1697,59220,DENAIN,59
1438,49450,BEAUPREAU-EN-MAUGES,49
2604,83136,GAREOULT,83
2655,83330,LE CASTELLET,83
1118,38540,SAINT-JUST-CHALEYSSIN,38
563,27600,GAILLON,27
2062,71450,BLANZY,71
286,10400,NOGENT SUR SEINE,10
1622,58660,COULANGES LES NEVERS,58
1583,56570,LOCMIQUELIC,56
777,32200,GIMONT,32
2049,71390,SAINT-DESERT,71
941,34150,MONTPEYROUX,34
2689,84290,SAINTE-CECILE-LES-VIGNES,84
2774,88230,PLAINFAING,88
825,33670,CREON,33
2006,69490,SARCEY,69
558,27140,GISORS,27
121,5250,LE DEVOLUY,5
620,20144,ZONZA,2A
1403,47190,AIGUILLON,47
559,27700,LES ANDELYS,27
463,22560,TREBEURDEN,22
320,13013,MARSEILLE 14EME,13
1894,66200,ALENYA,66
2233,76210,GRUCHET-LE-VALASSE,76
473,33220,PORT-SAINTE-FOY-ET-PONCHAPT,24
122,5800,LA CHAPELLE-EN-VALGAUDEMAR,5
2242,76400,MANIQUERVILLE,76
1399,47700,CASTELJALOUX,47
186,6470,BEUIL,6
1779,62300,ELEU-DIT-LEAUWETTE,62
1648,59390,LANNOY,59
1822,63610,BESSE-ET-SAINT-ANASTAISE,63
104,4210,VALENSOLE,4
655,20160,COGGIA,2A
1143,39310,SEPTMONCEL LES MOLUNES,39
1788,62460,DIVION,62
652,20157,FRASSETO,2A
1478,51800,SAINTE MENEHOULD,51
1821,63710,SAINT-NECTAIRE,63
678,30620,BERNIS,30
1093,38570,LE CHEYLAS,38
2465,78112,SAINT-GERMAIN-EN-LAYE,78
680,30980,SAINT-DIONISY,30
188,6830,TOUDON,6
547,26240,PONSAS,26
637,20131,PIANOTTOLI-CALDARELLO,2A
1872,65170,SAILHAN,65
1879,65240,GERM,65
644,20138,COTI-CHIAVARI,2A
178,6470,GUILLAUMES,6
102,4160,L ESCALE,4
640,20146,SOTTA,2A
108,4120,DEMANDOLX,4
267,9700,SAVERDUN,9
1105,38250,CORRENCON-EN-VERCORS,38
99,4200,NOYERS-SUR-JABRON,4
160,6540,BREIL-SUR-ROYA,6
726,30960,SAINT-FLORENT-SUR-AUZONNET,30
136,5600,GUILLESTRE,5
2091,73450,VALLOIRE,73
1651,59320,SEQUEDIN,59
1270,43200,ARAULES,43
2089,73220,EPIERRE,73
1415,48190,MONT LOZERE ET GOULET,48
2097,73550,LES ALLUES,73
1131,38590,SAINT-GEOIRS,38
630,20140,ARGIUSTA-MORICCIO,2A
1245,42560,SOLEYMIEUX,42
289,10500,DIENVILLE,10
131,5290,PUY SAINT VINCENT,5
79,4400,ENCHASTRAYES,4
723,30530,PORTES,30
648,20122,QUENZA,2A
2692,84190,VACQUEYRAS,84
3176,97216,AJOUPA BOUILLON,972
1271,43100,VIEILLE-BRIOUDE,43
338,13124,PEYPIN,13
483,25320,BOUSSIERES,25
634,20134,PALNECA,2A
654,20190,SANTA-MARIA-SICHE,2A
656,20128,ALBITRECCIA,2A
628,20111,CASAGLIONE,2A
1683,59450,SIN LE NOBLE,59
1936,69360,TERNAY,69
3122,95380,VILLERON,95
1964,69440,SAINT LAURENT D'AGNY,69
2778,88100,PAIR-ET-GRANDRUPT,88
1338,44360,LE TEMPLE DE BRETAGNE,44
137,5160,SAVINES-LE-LAC,5
820,33370,ARTIGUES-PRES-BORDEAUX,33
1778,62223,SAINT-NICOLAS,62
138,5100,MONTGENEVRE,5
715,30130,SAINT-PAULET-DE-CAISSON,30
2617,83340,CABASSE,83
624,20110,ARBELLARA,2A
243,7200,LANAS,7
2096,73150,VAL-D ISERE,73
653,20167,CUTTOLI-CORTICCHIATO,2A
1111,38142,BESSE,38
534,26740,SAUZET,26
115,5200,SAINT-SAUVEUR,5
2235,76700,SAINT-LAURENT-DE-BREVEDENT,76
245,7800,SAINT-GEORGES-LES-BAINS,7
1880,65170,ARAGNOUET,65
194,6450,LA BOLLENE-VESUBIE,6
139,5500,LAYE,5
1850,64260,SEVIGNACQ MEYRACQ,64
112,5230,MONTGARDIN,5
1882,65170,VIELLE-AURE,65
3161,97227,SAINTE ANNE,972
627,20160,VICO,2A
645,20140,CASALABRIVA,2A
3177,97220,TRINITE,972
3163,97290,MARIN,972
636,20111,CALCATOGGIO,2A
100,4300,PIERRERUE,4
140,5200,PUY-SANIERES,5
127,5200,LES ORRES,5
2092,73130,SAINT FRANCOIS LONGCHAMP,73
639,20110,BELVEDERE-CAMPOMORO,2A
109,4330,BARREME,4
2107,73620,HAUTELUCE,73
651,20118,COGGIA,2A
123,5460,ABRIES-RISTOLAS,5
37,1580,MATAFELON-GRANGES,1
2100,73320,TIGNES,73
579,28600,LUISANT,28
2678,84360,LAURIS,84
660,20220,L'ILE ROUSSE,2B
240,7150,VALLON PONT D'ARC,7
635,20167,APPIETTO,2A
2651,83210,SOLLIES-VILLE,83
38,1260,HAUT-VALROMEY,1
128,5700,SERRES,5
2602,83440,MONTAUROUX,83
632,20140,SERRA-DI-FERRO,2A
1251,42430,SAINT-JUST-EN-CHEVALET,42
659,20220,AREGNO,2B
650,20115,PIANA,2A
931,34140,LOUPIAN,34
681,30190,GARRIGUES SAINTE EULALIE,30
704,30200,SAINT-NAZAIRE,30
638,20150,OTA,2A
1608,56400,SAINTE-ANNE-D'AURAY,56
1171,40170,LIT ET MIXE,40
693,30190,SAINT-GENIES-DE-MALGOIRES,30
129,5600,RISOUL,5
3169,97223,DIAMANT,972
2093,73450,VALMEINIER,73
41,1410,MIJOUX,1
538,26420,SAINT-AGNAN-EN-VERCORS,26
113,5560,VARS,5
163,6420,ISOLA,6
107,4230,SAINT-ETIENNE-LES-ORGUES,4
1091,38190,LES ADRETS,38
646,20163,TAVERA,2A
1071,38190,FROGES,38
626,20166,GROSSETO-PRUGNA,2A
662,20232,OLETTA,2B
167,6440,PEILLON,6
1081,38580,LE HAUT-BREDA,38
1984,69380,MARCILLY-D AZERGUES,69
684,30460,LASALLE,30
764,31250,REVEL,31
1018,35540,MINIAC-MORVAN,35
2099,73700,MONTVALEZAN,73
2605,83830,BARGEMON,83
2088,73480,VAL CENIS,73
2085,73210,LA PLAGNE TARENTAISE,73
133,5100,NEVACHE,5
117,5170,ORCIERES,5
691,30770,ARRIGAS,30
2102,73500,AUSSOIS,73
1417,48130,PEYRE EN AUBRAC,48
141,5330,SAINT-CHAFFREY,5
111,5260,SAINT-MICHEL-DE-CHAILLOL,5
388,16470,SAINT-MICHEL,16
199,6450,UTELLE,6
647,20118,VICO,2A
1824,63680,CHASTREIX,63
1109,38970,CORPS,38
1584,56650,INZINZAC-LOCHRIST,56
1616,56160,LIGNOL,56
643,20113,OLMETO,2A
1150,39170,LAVANS-LES-SAINT-CLAUDE,39
12,1150,SAULT-BRENAZ,1
2015,69830,SAINT GEORGES DE RENEINS,69
1410,47290,CASTELNAUD DE GRATECAMBE,47
676,30940,SAINT ANDRE DE VALBORGNE,30
1153,39130,CLAIRVAUX-LES-LACS,39
2596,83440,CALLIAN,83
2150,74410,DUINGT,74
2119,73300,ALBIEZ-MONTROND,73
165,6420,VALDEBLORE,6
124,5240,LA SALLE,5
714,30210,SAINT-HILAIRE-D OZILHAN,30
1008,35320,POLIGNE,35
2244,76110,BREAUTE,76
2673,84570,MALEMORT-DU-COMTAT,84
668,30170,DURFORT-ET-SAINT-MARTIN-DE-,30
118,5340,VALLOUISE-PELVOUX,5
1416,48800,VILLEFORT,48
2697,84340,MALAUCENE,84
2725,85520,SAINT-VINCENT-SUR-JARD,85
266,9140,USTOU,9
192,6450,LANTOSQUE,6
249,7700,SAINT-MARTIN-D' ARDECHE,7
2683,84750,VIENS,84
87,4140,SEYNE,4
1617,56150,BAUD,56
1595,56400,PLOEMEL,56
2087,73440,LES BELLEVILLE,73
1367,45750,SAINT-PRYVE-SAINT-MESMIN,45
2128,74520,VALLEIRY,74
403,17590,ARS-EN-RE,17
661,20221,CERVIONE,2B
2607,83340,LE CANNET DES MAURES,83
235,7150,SALAVAS,7
242,7120,RUOMS,7
710,30320,POULX,30
2383,77230,SAINT-MARD,77
189,6440,BLAUSASC,6
1089,38570,GONCELIN,38
1475,50580,PORT-BAIL-SUR-MER,50
341,13780,CUGES LES PINS,13
119,5120,L'ARGENTIERE-LA-BESSEE,5
1114,38450,LE GUA,38
1607,56360,SAUZON,56
1100,38112,AUTRANS-MEAUDRE EN VERCORS,38
1220,42580,L ETRAT,42
1612,56340,PLOUHARNEL,56
951,34350,VENDRES,34
2754,88220,HADOL,88
3160,97150,SAINT MARTIN,971
719,30700,MONTAREN-ET-SAINT-MEDIERS,30
134,5220,LE MONETIER-LES-BAINS,5
130,5230,CHORGES,5
642,20000,LECCI,2A
600,29360,CLOHARS CARNOET,29
682,30610,SAUVE,30
2593,83600,LES ADRETS DE L ESTEREL,83
2694,84820,VISAN,84
346,13004,MARSEILLE 12EME,13
1116,38300,BOURGOIN-JALLIEU,38
2021,69490,SAINT-FORGEUX,69
2304,77220,FAVIERES,77
247,7220,SAINT-MONTAN,7
2311,77670,SAINT-MAMMES,77
708,30133,LES ANGLES,30
957,34760,BOUJAN-SUR-LIBRON,34
379,14600,EQUEMAUVILLE,14
94,4130,VOLX,4
1001,35490,SENS-DE-BRETAGNE,35
2896,91590,BAULNE,91
884,33590,SAINT-VIVIEN-DE-MEDOC,33
1294,44140,AIGREFEUILLE SUR MAINE,44
1337,44160,SAINTE-REINE-DE-BRETAGNE,44
2225,76260,EU,76
816,33210,TOULENNE,33
916,34980,SAINT CLEMENT DE RIVIERE,34
453,22350,CAULNES,22
2710,85290,MORTAGNE-SUR-SEVRE,85
2313,77115,SIVRY-COURTRY,77
1009,35890,BOURG-DES-COMPTES,35
2177,74970,MARIGNIER,74
1923,69270,SAINT-ROMAIN-AU-MONT-D OR,69
22,1640,SAINT-JEAN-LE-VIEUX,1
552,27120,PACY-SUR-EURE,27
2334,77139,DOUY-LA-RAMEE,77
593,28210,COULOMBS,28
1342,44360,VIGNEUX DE BRETAGNE,44
1717,60510,LA RUE ST PIERRE,60
490,25110,BAUME LES DAMES,25
569,28310,TOURY,28
2511,78490,MAREIL-LE-GUYON,78
876,33540,SAUVETERRE-DE-GUYENNE,33
389,17138,SAINT-XANDRE,17
1148,39570,MONTMOROT,39
1772,60128,PLAILLY,60
2742,86410,BOURESSE,86
507,25140,CHARQUEMONT,25
200,6260,PUGET-THENIERS,6
284,10200,BAR SUR AUBE,10
2771,88700,RAMBERVILLERS,88
1493,51370,SAINT BRICE COURCELLES,51
724,30410,MOLIERES-SUR-CEZE,30
1532,54740,HAROUE,54
288,10200,COLOMBE LA FOSSE,10
1768,60530,NEUILLY EN THELLE,60
897,34130,SAINT-AUNES,34
1050,37120,RICHELIEU,37
725,30160,BESSEGES,30
2816,90500,BEAUCOURT,90
1764,60128,MORTEFONTAINE,60
942,34570,MONTARNAUD,34
2501,78610,SAINT-LEGER-EN-YVELINES,78
1994,69690,BRUSSIEU,69
2560,81310,LISLE-SUR-TARN,81
244,7200,SAINT-SERNIN,7
603,29460,DIRINON,29
456,22250,BROONS,22
2320,77320,JOUY-SUR-MORIN,77
2598,83440,FAYENCE,83
1726,60350,ATTICHY,60
2693,84110,VAISON-LA-ROMAINE,84
1379,45640,SANDILLON,45
2419,78117,CHATEAUFORT,78
1867,65130,CAPVERN,65
1565,54200,ECROUVES,54
2019,69430,SAINT-DIDIER-SUR-BEAUJEU,69
2217,76160,SAINT-LEGER-DU-BOURG-DENIS,76
689,30260,SARDAN,30
398,17170,COURCON,17
2608,83440,TOURRETTES,83
3174,97240,FRANCOIS,972
364,14810,MERVILLE FRANCEVILLE,14
1609,56470,SAINT-PHILIBERT,56
1598,56360,LOCMARIA,56
1292,44850,LIGNE,44
1705,60570,LABOISSIERE EN THELLE,60
2767,88390,LES FORGES,88
2205,76300,SOTTEVILLE-LES-ROUEN,76
824,33450,ST SULPICE ET CAMEYRAC,33
859,33560,SAINTE EULALIE,33
1063,38330,BIVIERS,38
52,1390,MIONNAY,1
791,33480,MOULIS-EN-MEDOC,33
1636,59520,MARQUETTE-LEZ-LILLE,59
2661,84410,BEDOIN,84
1534,54210,SAINT-NICOLAS-DE-PORT,54
2394,77124,CHAUCONIN-NEUFMONTIERS,77
2103,73700,BOURG-SAINT-MAURICE,73
110,5300,LARAGNE-MONTEGLIN,5
2051,71640,GIVRY,71
2565,82200,MOISSAC,82
2912,91650,SAINT-YON,91
2042,70000,PUSEY,70
2086,73190,SAINT-JEOIRE-PRIEURE,73
1811,62120,AIRE-SUR-LA-LYS,62
3132,95270,SEUGY,95
1987,69210,FLEURIEUX-SUR-L ARBRESLE,69
1486,51190,AVIZE,51
2178,74340,SAMOENS,74
411,17132,MESCHERS-SUR-GIRONDE,17
2183,74480,PASSY,74
378,14430,DOZULE,14
1674,59960,NEUVILLE EN FERRAIN,59
157,6500,CASTILLON,6
2036,70110,VILLERSEXEL,70
230,6570,SAINT-PAUL-DE-VENCE,6
402,17230,MARANS,17
458,22970,PLOUMAGOAR,22
2587,83490,LE MUY,83
1573,56640,ARZON,56
231,7700,SAINT-JUST-D'ARDECHE,7
2890,91840,SOISY-SUR-ECOLE,91
995,35290,SAINT-MEEN-LE-GRAND,35
1572,55100,VERDUN,55
2294,77850,HERICY,77
2401,77370,GASTINS,77
1139,39500,TAVAUX,39
2770,88600,LAVELINE-DEVANT-BRUYERES,88
2794,88120,SAPOIS,88
2691,84150,JONQUIERES,84
2761,88000,LONGCHAMP,88
1201,41350,VINEUIL,41
1390,45340,BEAUNE-LA-ROLANDE,45
2378,77100,NANTEUIL-LES-MEAUX,77
688,30230,RODILHAN,30
2464,78920,ECQUEVILLY,78
1835,64110,GELOS,64
1563,54570,FOUG,54
2706,85260,BROUZILS (LES),85
697,30170,ST HIPPOLYTE DU FORT,30
1002,35440,MONTREUIL-SUR-ILLE,35
1497,51430,BEZANNES,51
1526,54410,LANEUVEVILLE-DEVANT-NANCY,54
2387,77600,JOSSIGNY,77
82,4140,MONTCLAR,4
83,4260,ALLOS,4
96,4140,SELONNET,4
2127,74450,LE GRAND BORNAND,74
1331,44780,MISSILLAC,44
86,4340,LE LAUZET UBAYE,4
88,4500,SAINTE CROIX DU VERDON,4
1402,47600,NERAC,47
44,1170,CROZET,1
2059,71160,DIGOIN,71
506,25300,LES FOURGS,25
508,25400,AUDINCOURT,25
557,27130,VERNEUIL D'AVRE ET D'ITON,27
1695,59178,HASNON,59
1445,50180,AGNEAUX,50
1167,40230,ST-GEOURS-MAREMNE,40
1209,42800,GENILAC,42
349,13300,SALON-DE-PROVENCE,13
2330,77750,BASSEVELLE,77
2687,84360,MERINDOL,84
246,7220,VIVIERS,7
2592,83370,FREJUS,83
1774,61100,FLERS,61
1993,69380,CHASSELAY,69
2101,73500,MODANE,73
49,1480,JASSANS-RIOTTIER,1
8,1130,ST-GERMAIN-DE-JOUX,1
479,24250,CASTELNAUD-LA-CHAPELLE,24
43,1550,FARGES,1
858,33450,SAINT LOUBES,33
583,28200,ST DENIS-LANNERAY,28
770,31380,MONTASTRUC LA CONSEILLERE,31
899,34790,GRABELS,34
1707,60000,GOINCOURT,60
3094,95840,VILLIERS-ADAM,95
159,6380,MOULINET,6
348,13140,MIRAMAS,13
29,1170,VESANCY,1
2522,78490,TREMBLAY-SUR-MAULDRE (LE),78
3097,95420,GENAINVILLE,95
19,1590,DORTAN,1
1318,44770,LA PLAINE-SUR-MER,44
2001,69890,LA TOUR DE SALVAGNY,69
792,33320,LE TAILLAN MEDOC,33
980,35520,MELESSE,35
2703,85140,ESSARTS EN BOCAGE,85
1151,39110,SALINS LES BAINS,39
745,31130,FLOURENS,31
509,25230,SELONCOURT,25
365,14450,GRANDCAMP-MAISY,14
510,25310,HERIMONCOURT,25
2484,78270,BENNECOURT,78
1067,38700,CORENC,38
2801,89240,CHEVANNES,89
2245,76440,FORGES-LES-EAUX,76
239,7800,CHARMES-SUR-RHONE,7
68,2370,VAILLY-SUR-AISNE,2
3190,97470,SAINT-BENOIT,974
2027,69220,CERCIE,69
1730,60170,CAMBRONNE LES RIBECOURT,60
1999,69380,DOMMARTIN,69
1145,39220,PREMANON,39
1855,64480,USTARITZ,64
271,9110,AX-LES-THERMES,9
2155,74290,MENTHON-SAINT-BERNARD,74
576,28300,ST PREST,28
2399,77450,ISLES-LES-VILLENOY,77
757,31620,FRONTON,31
1076,38830,CRETS EN BELLEDONNE,38
1997,69210,SAINT GERMAIN NUELLES,69
2698,84190,BEAUMES-DE-VENISE,84
1685,59310,FAUMONT,59
2612,83136,ROCBARON,83
2048,71210,MONTCHANIN,71
190,6450,BELVEDERE,6
2117,73260,LES AVANCHERS VALMOREL,73
429,19270,SAINTE FEREOLE,19
31,1170,ECHENEVEX,1
2043,70000,ECHENOZ-LA-MELINE,70
2250,76540,SAINT-PIERRE-EN-PORT,76
795,33460,MARGAUX CANTENAC,33
2606,83830,CLAVIERS,83
2395,77600,GUERMANTES,77
1709,60240,LOCONVILLE,60
2789,88160,RAMONCHAMP,88
497,25370,ROCHEJEAN,25
580,28300,JOUY,28
2542,80160,PLACHY-BUYON,80
395,17220,CLAVETTE,17
442,22680,BINIC-ETABLES-SUR-MER,22
358,13210,SAINT-REMY-DE-PROVENCE,13
2384,77165,SAINT-SOUPPLETS,77
2327,77440,MARY-SUR-MARNE,77
896,34970,LATTES,34
2613,83340,LE LUC,83
424,19200,USSEL,19
1335,44290,GUEMENE PENFAO,44
874,33190,LA REOLE,33
48,1120,MONTLUEL,1
233,7700,BOURG-SAINT-ANDEOL,7
2221,76360,VILLERS ECALLES,76
2024,69640,SAINT-JULIEN,69
2152,74160,ARCHAMPS,74
471,24660,COULOUNIEIX-CHAMIERS,24
126,5260,ANCELLE,5
756,31700,MONDONVILLE,31
605,29470,PLOUGASTEL-DAOULAS,29
1023,35610,ROZ-SUR-COUESNON,35
2219,76420,BIHOREL,76
406,17430,TONNAY CHARENTE,17
2799,89000,ST GEORGES SUR BAULCHE,89
3100,95510,VETHEUIL,95
1891,66420,LE BARCARES,66
1886,66470,SAINTE-MARIE-LA-MER,66
2323,77730,CITRY,77
2682,84800,SAUMANE-DE-VAUCLUSE,84
1902,66220,SAINT-PAUL-DE-FENOUILLET,66
380,14800,SAINT-ARNOULT,14
1887,66750,SAINT-CYPRIEN,66
1216,42800,SAINT-JOSEPH,42
1692,59770,MARLY,59
834,33210,PREIGNAC,33
1770,60260,GOUVIEUX,60
60,2670,FOLEMBRAY,2
1408,47500,FUMEL,47
1229,42240,SAINT-PAUL-EN-CORNILLON,42
2240,76330,PORT-JEROME-SUR-SEINE,76
2223,76880,ARQUES-LA-BATAILLE,76
1022,35540,LE TRONCHET,35
2618,83170,ROUGIERS,83
1272,43330,PONT-SALOMON,43
34,1550,COLLONGES,1
340,13420,GEMENOS,13
1851,64570,ARETTE,64
1841,64160,MORLAAS,64
1839,64230,LESCAR,64
1262,43140,SEAUVE-SUR-SEMENE (LA),43
1859,64990,LAHONCE,64
649,20129,BASTELICACCIA,2A
2755,88390,DARNIEULLES,88
1735,60410,SAINTINES,60
351,13790,ROUSSET,13
633,20117,CAURO,2A
1965,69390,CHARLY,69
1837,64230,MAZEROLLES,64
1901,66210,PUYVALADOR,66
